Wardno,Partno,From ,to,EnglishBoothAddress,MarathiBoothAddress
143,1,,,Kshitij School For Special Children(Near Vaibhav Mangal Karyalay Old Dombivali Thakurwadi Dombivali West 42120) - Ground Floor Room No.1,क्षितीज मतिमंद मुलांची शाळा(जुनी डोंबिवली ठाकूरवाडी वैभव मंगल कार्यालयजवळ डोंबिवली पश्चिम ४२१२०२) - तळमजला खोली क्र.१
143,2,,,Kshitij School For Special Children(Near Vaibhav Mangal Karyalay Old Dombivali Thakurwadi Dombivali West 42120) - Ground Floor Room No.2,क्षितीज मतिमंद मुलांची शाळा(जुनी डोंबिवली ठाकूरवाडी वैभव मंगल कार्यालयजवळ डोंबिवली पश्चिम ४२१२०२) - तळमजला खोली क्र.२
143,3,,,Dnyanoday School (English Medium) (Old Dombivali Thakurwadi Dombivali West 421202) - Ground FloorBeside Nursery Gate Hall Partition,ज्ञानोदय स्कूल (इंग्रजी माध्यम)(जुनी डोंबिवली ठाकूरवाडी वैभव मंगल कार्यालयजवळ डोंबिवली पश्चिम ४२१२०२) - तळमजला नर्सरी गेट जवळील हॉल पार्टीशन
143,4,,,Dnyanoday School (English Medium) (Old Dombivali Thakurwadi Dombivali West 421202) - Ground Floor Hall Room No.1,ज्ञानोदय स्कूल (इंग्रजी माध्यम)(जुनी डोंबिवली ठाकूरवाडी वैभव मंगल कार्यालयजवळ डोंबिवली पश्चिम ४२१२०२) - तळमजला हॉल खोली क्र.१
143,5,,,Dnyanoday School (English Medium) (Old Dombivali Thakurwadi Dombivali West 421202) - Ground Floor Hall Partition,ज्ञानोदय स्कूल (इंग्रजी माध्यम)(जुनी डोंबिवली ठाकूरवाडी वैभव मंगल कार्यालयजवळ डोंबिवली पश्चिम ४२१२०२) - तळमजला हॉल पार्टीशन
143,6,,,Dnyanoday School (English Medium) (Old Dombivali Thakurwadi Dombivali West 421202) - Ground Floor Nursery Class Room,ज्ञानोदय स्कूल (इंग्रजी माध्यम)(जुनी डोंबिवली ठाकूरवाडी वैभव मंगल कार्यालयजवळ डोंबिवली पश्चिम ४२१२०२) - तळमजला नर्सरी वर्ग खोली
143,7,,,Nupur Hall Madhusanchay Bunglow(Devi Chowk Mumbra Devi Road Shashtri Nagar Dombivali West 421202) - Shed Partition No.1,नुपूर हॉल मधुसंचय बंगलो(देवीचौक मुंब्रादेवी रोड शास्त्री नगर डोंबिवली पश्चिम ४२१२०२) - शेड पार्टीशन क्र.१
143,8,,,Nupur Hall Madhusanchay Bunglow(Devi Chowk Mumbra Devi Road Shashtri Nagar Dombivali West 421202) - Shed Partition No.2,नुपूर हॉल मधुसंचय बंगलो(देवीचौक मुंब्रादेवी रोड शास्त्री नगर डोंबिवली पश्चिम ४२१२०२) - शेड पार्टीशन क्र.२
143,9,,,Nupur Hall Madhusanchay Bunglow(Devi Chowk Mumbra Devi Road Shashtri Nagar Dombivali West 421202) - Hall Partition No.1,नुपूर हॉल मधुसंचय बंगलो(देवीचौक मुंब्रादेवी रोड शास्त्री नगर डोंबिवली पश्चिम ४२१२०२) - हॉल पार्टीशन क्र.१
143,10,,,Kdmc Transit Camp Center(Opp Lenyadri Building Thakurwadi Dombivali West 421202) - Hall Partition No.1,कडोंमपा संक्रमण शिबीर केंद्र(लेण्याद्री बिल्डींग समोर ठाकूरवाडी डोंबिवली पश्चिम ४२१२०२) - हॉल पार्टीशन क्र.१
143,11,,,Kdmc Transit Camp Center(Opp Lenyadri Building Thakurwadi Dombivali West 421202) - Hall Partition No.2,कडोंमपा संक्रमण शिबीर केंद्र(लेण्याद्री बिल्डींग समोर ठाकूरवाडी डोंबिवली पश्चिम ४२१२०२) - हॉल पार्टीशन क्र.२
143,12,,,Kdmc Transit Camp Center(Opp Lenyadri Building Thakurwadi Dombivali West 421202) - Hall Partition No.3,कडोंमपा संक्रमण शिबीर केंद्र(लेण्याद्री बिल्डींग समोर ठाकूरवाडी डोंबिवली पश्चिम ४२१२०२) - हॉल पार्टिशन नं.3
143,13,,,Kdmc Transit Camp Center(Opp Lenyadri Building Thakurwadi Dombivali West 421202) - Room No.1,कडोंमपा संक्रमण शिबीर केंद्र(लेण्याद्री बिल्डींग समोर ठाकूरवाडी डोंबिवली पश्चिम ४२१२०२) - खोली क्र.१
143,14,,,Saint Xaviers School(Thakurwadi Dombivali West 421202) - Ground Floor Room No.1,सेंट झेविअर्स स्कूल(ठाकूरवाडी डोंबिवली पश्चिम ४२१२०२) - तळमजला खोली क्र.१
143,15,,,Saint Xaviers School(Thakurwadi Dombivali West 421202) - Ground Floor Hall Partition,सेंट झेविअर्स स्कूल(ठाकूरवाडी डोंबिवली पश्चिम ४२१२०२) - तळमजला हॉल पार्टीशन
143,16,,,Velenkini English School(Ashapura Darshan GaondeviDombivali West 421202) - Ground Floor School Hall Partition,वेलंकिनी इंग्लिश स्कूल(आशापुरा दर्शन गावदेवीडोंबिवली पश्चिम ४२१२०२) - तळमजला शाळेचा हॉल पार्टीशन
143,17,,,Model English School Karandikar Chitrakala(Gaondevi Soc. Gupte Road Dombivali West 421202) - Groud Floor Room No.1,मॉडेल इंग्लिश स्कूल करंदीकर चित्रकला(गावदेवी सोसायटी गुप्ते रोडडोंबिवली पश्चिम ४२१२०२) - तळमजला खोली क्र.१
143,18,,,Gaondevi Soc(Dombivali West 421202) - Open Ground Mandap,गांवदेवी सोसाइटी(डोंबीवली पश्चिम 421202) - मोकळे मैदान मंडप
143,19,,,Don Bosco Highschool (Jai Hind Colony Near Jai Manisha Building Dombivali West 421202) - Building No.03 Dwarka Building Stilt Area,डॉन बास्को हायस्कूल(जयहिंद कॉलनी जय मनिषा बिल्डिंगजवळ डोंबिवली पश्चिम-421202) - बिल्डींग क्र.३ द्वारका बिल्डिंग तळमजला मोकळी जागा
143,20,,,Gaondevi Soc(Dombivali West 421202) - Maidan Sanskrutik Kendra Room No.1,गांवदेवी सोसाइटी(डोंबीवली पश्चिम 421202) - मैदान सांस्कृतिक केंद्र खोली क्र.१
143,21,,,Gaondevi Soc(Dombivali West 421202) - Maidan Sanskrutik Kendra Room No.2,गांवदेवी सोसाइटी(डोंबीवली पश्चिम 421202) - मैदान सांस्कृतिक केंद्र खोली क्र.२
143,22,,,Don Bosco Highschool (Jai Hind Colony Near Jai Manisha Building Dombivali West 421202) - Building No.02 Hall Partition No.1,डॉन बास्को हायस्कूल(जयहिंद कॉलनी जय मनिषा बिल्डिंगजवळ डोंबिवली पश्चिम-421202) - बिल्डिंग क्र.२ हॉल पार्टिशन क्र.१
143,23,,,Don Bosco Highschool (Jai Hind Colony Near Jai Manisha Building Dombivali West 421202) - Building No.02 Hall Partition No.2,डॉन बास्को हायस्कूल(जयहिंद कॉलनी जय मनिषा बिल्डिंगजवळ डोंबिवली पश्चिम-421202) - बिल्डिंग क्र.२ हॉल पार्टिशन क्र.२
143,24,,,Gaondevi Soc(Dombivali West 421202) - Open Ground Tin Shed Partition No.1,गांवदेवी सोसाइटी(डोंबीवली पश्चिम 421202) - मोकळे मैदान पत्र्याचे शेड पार्टीशन क्र.१
143,25,,,Gaondevi Soc(Dombivali West 421202) - Open Ground Tin Shed Partition No.2,गांवदेवी सोसाइटी(डोंबीवली पश्चिम 421202) - मोकळे मैदान पत्र्याचे शेड पार्टीशन क्र.२
143,26,,,Gaondevi Soc(Dombivali West 421202) - Open Ground Tin Shed Partition No.3,गांवदेवी सोसाइटी(डोंबीवली पश्चिम 421202) - मोकळे मैदान पत्र्याचे शेड पार्टीशन क्र.३
143,27,,,Gaondevi Vidyamandir School(Kalunagar Mothagaon ThakurliDombivali West 421202) - Room No.1,गांवदेवी विद्यामंदीर शाळा(काळूनगर मोठागाव ठाकुर्लीडोंबिवली पश्चिम ४२१२०२) - खोली क्र.१
143,28,,,Gaondevi Vidyamandir School(Kalunagar Mothagaon ThakurliDombivali West 421202) - Room No.2,गांवदेवी विद्यामंदीर शाळा(काळूनगर मोठागाव ठाकुर्लीडोंबिवली पश्चिम ४२१२०२) - खोली क्र.२
143,29,,,Gaondevi Vidyamandir School(Kalunagar Mothagaon ThakurliDombivali West 421202) - Ground Floor Room No.3,गांवदेवी विद्यामंदीर शाळा(काळूनगर मोठागाव ठाकुर्लीडोंबिवली पश्चिम ४२१२०२) - तळमजला खोली क्र.३
143,30,,,Gaondevi Vidyamandir School(Kalunagar Mothagaon ThakurliDombivali West 421202) - Ground Floor Room No.4,गांवदेवी विद्यामंदीर शाळा(काळूनगर मोठागाव ठाकुर्लीडोंबिवली पश्चिम ४२१२०२) - तळमजला खोली क्र.४
143,31,,,Gaondevi Vidyamandir School(Kalunagar Mothagaon ThakurliDombivali West 421202) - Ground Floor Room No.5,गांवदेवी विद्यामंदीर शाळा(काळूनगर मोठागाव ठाकुर्लीडोंबिवली पश्चिम ४२१२०२) - तळमजला खोली क्र.५
143,32,,,Kdmc Reservation No.297(Dindayal RoadDombivali West 421202) - Ground Floor Parking Partition No.1,कडोंमपा आरक्षण क्रमांक २९७(दिनदयाळ रोड डोंबिवली पश्चिम ४२१ २०२) - तळमजला पार्कींग पार्टीशन क्रमांक १
143,33,,,Kdmc Reservation No.297(Dindayal RoadDombivali West 421202) - Parking Partition No.2,कडोंमपा आरक्षण क्रमांक २९७(दिनदयाळ रोड डोंबिवली पश्चिम ४२१ २०२) - पार्कींग पार्टीशन क्रमांक २
143,34,,,Kdmc Reservation No.297(Dindayal RoadDombivali West 421202) - Parking Partition No.3,कडोंमपा आरक्षण क्रमांक २९७(दिनदयाळ रोड डोंबिवली पश्चिम ४२१ २०२) - पार्कींग पार्टीशन क्रमांक ३
143,35,,,Kdmc Reservation No.297(Dindayal RoadDombivali West 421202) - Ground Floor Mandap,कडोंमपा आरक्षण क्रमांक २९७(दिनदयाळ रोड डोंबिवली पश्चिम ४२१ २०२) - तळमजला मंडप
143,36,,,Kdmc Marathi School No.20 (Mothagaon Thakurli Dombivali West 421202) - Ground Floor Room No.1,कडोंमपा मराठी शाळा क्र.२० (मोठागाव ठाकुर्ली डोंबिवली पश्चिम ४२१२०२) - तळमजला खोली क्र.१
143,37,,,Kdmc Marathi School No.20 (Mothagaon Thakurli Dombivali West 421202) - Ground Floor Room No.2,कडोंमपा मराठी शाळा क्र.२० (मोठागाव ठाकुर्ली डोंबिवली पश्चिम ४२१२०२) - तळमजला खोली क्र.२
143,38,,,Kdmc Marathi School No.20 (Mothagaon Thakurli Dombivali West 421202) - Ground Floor Room No.3,कडोंमपा मराठी शाळा क्र.२० (मोठागाव ठाकुर्ली डोंबिवली पश्चिम ४२१२०२) - तळमजला खोली क्र.३
143,39,,,Kdmc Marathi School No.20 (Mothagaon Thakurli Dombivali West 421202) - Ground Floor Room No.4,कडोंमपा मराठी शाळा क्र.२० (मोठागाव ठाकुर्ली डोंबिवली पश्चिम ४२१२०२) - तळमजला खोली क्र.४
143,40,,,Kdmc Marathi School No.20 (Mothagaon Thakurli Dombivali West 421202) - Ground Floor Shikshan Mandal Rcc Room,कडोंमपा मराठी शाळा क्र.२० (मोठागाव ठाकुर्ली डोंबिवली पश्चिम ४२१२०२) - तळमजला शिक्षण मंडळातर्फे आरसीसी खोली
143,41,,,Kdmc Reservation (Health Center) Gagangiri Arcade(Gopinath Chowk Dombivali West 421202) - Ground Floor Partition No.1,कडोंमपा आरक्षण (आरोग्य केंद्र) गगनगिरी आर्केड(गोपीनाथ चौक डोंबिवली पश्चिम ४२१२०२) - तळमजला पार्टिशन क्र.१
143,42,,,Kdmc Reservation (Health Center) Gagangiri Arcade(Gopinath Chowk Dombivali West 421202) - Ground Floor Partition No.2,कडोंमपा आरक्षण (आरोग्य केंद्र) गगनगिरी आर्केड(गोपीनाथ चौक डोंबिवली पश्चिम ४२१२०२) - तळमजला पार्टिशन क्र.२
143,43,,,Kdmc School No.56 (Sataywan Chowk Devicha Pada Dombivali West) - Room No.1,कडोंमपा शाळा क्र.५६ (सत्यवान चौक देवीचा पाडा डोंबिवली पश्चिम ४२१२०२) - खोली क्र.१
143,44,,,Don Bosco Pre School(Amogh Siddh Retibander Road Dombivali West 421202) - Room No.1,डॉन बास्को प्री स्कूल(अमोघ सिद्ध बिल्डींग रेतीबंदर रोड डोंबिवली (प) ४२१२०२ ) - खोली क्र.१
143,45,,,Don Bosco Pre School(Amogh Siddh Retibander Road Dombivali West 421202) - Room No.2,डॉन बास्को प्री स्कूल(अमोघ सिद्ध बिल्डींग रेतीबंदर रोड डोंबिवली (प) ४२१२०२ ) - खोली क्र.२
143,46,,,Kdmc H Ward Office(Umesh Nagar Retibandar Road Dombivali West 421202) - Ground Floor Mandap Partition No.1,कडोंमपा ह प्रभाग कार्यालय (रेतीबंदर रोड उमेशनगर डोंबिवली पश्चिम ४२१२०२) - तळमजला मंडप पार्टीशन क्र.१
143,47,,,Kdmc H Ward Office(Umesh Nagar Retibandar Road Dombivali West 421202) - Ground Floor Mandap Partition No.2,कडोंमपा ह प्रभाग कार्यालय (रेतीबंदर रोड उमेशनगर डोंबिवली पश्चिम ४२१२०२) - तळमजला मंडप पार्टीशन क्र.२
143,48,,,Kdmc H Ward Office(Umesh Nagar Retibandar Road Dombivali West 421202) - Ground Floor Mandap Partition No.3,कडोंमपा ह प्रभाग कार्यालय (रेतीबंदर रोड उमेशनगर डोंबिवली पश्चिम ४२१२०२) - तळमजला मंडप पार्टीशन क्र.३
143,49,,,Kdmc H Ward Office(Umesh Nagar Retibandar Road Dombivali West 421202) - Ground Floor Mandap Partition No.4,कडोंमपा ह प्रभाग कार्यालय (रेतीबंदर रोड उमेशनगर डोंबिवली पश्चिम ४२१२०२) - तळमजला मंडप पार्टीशन क्र.४
143,50,,,Kdmc H Ward Office(Umesh Nagar Retibandar Road Dombivali West 421202) - Ground Floor Mandap Partition No.5,कडोंमपा ह प्रभाग कार्यालय (रेतीबंदर रोड उमेशनगर डोंबिवली पश्चिम ४२१२०२) - तळमजला मंडप पार्टीशन क्र.५
143,51,,,Model English School Kerliyan Samaj (Kumbharkhan Pada Dombivali West 421202) - Ground Floor Hall Partition No.1,मॉडेल इंग्लिश स्कूल (केरलीयन समाज) (कुंभारखान पाडा डोंबिवली पश्चिम ४२१२०२) - तळमजला हॉल पार्टीशन क्र.१
143,52,,,Model English School Kerliyan Samaj (Kumbharkhan Pada Dombivali West 421202) - Ground Floor Hall Partition No.2,मॉडेल इंग्लिश स्कूल (केरलीयन समाज) (कुंभारखान पाडा डोंबिवली पश्चिम ४२१२०२) - तळमजला हॉल पार्टीशन क्र.२
143,53,,,Model English School Kerliyan Samaj (Kumbharkhan Pada Dombivali West 421202) - Ground Floor Hall Partition No.3,मॉडेल इंग्लिश स्कूल (केरलीयन समाज) (कुंभारखान पाडा डोंबिवली पश्चिम ४२१२०२) - तळमजला हॉल पार्टीशन क्र.३
143,54,,,Model English School Kerliyan Samaj (Kumbharkhan Pada Dombivali West 421202) - Ground Floor Hall Partition No.4,मॉडेल इंग्लिश स्कूल (केरलीयन समाज) (कुंभारखान पाडा डोंबिवली पश्चिम ४२१२०२) - तळमजला हॉल पार्टीशन क्र.४
143,55,,,Holy Cross School (Draupadi Kutir Kumbharkhan Pada Dombivali West 421202) - Ground Floor Room No.1,होली क्रॉस स्कूल (द्रोपदी कुटीर कुंभारखान पाडा डोंबिवली पश्चिम ४२१२०२) - तळमजला खोली क्र.१
143,56,,,Holy Cross School (Draupadi Kutir Kumbharkhan Pada Dombivali West 421202) - Ground Floor Room No.2,होली क्रॉस स्कूल (द्रोपदी कुटीर कुंभारखान पाडा डोंबिवली पश्चिम ४२१२०२) - तळमजला खोली क्र.२
143,57,,,Holy Cross School (Draupadi Kutir Kumbharkhan Pada Dombivali West 421202) - Ground Floor Room No.3,होली क्रॉस स्कूल (द्रोपदी कुटीर कुंभारखान पाडा डोंबिवली पश्चिम ४२१२०२) - तळमजला खोली क्र.३
143,58,,,Holy Cross School (Draupadi Kutir Kumbharkhan Pada Dombivali West 421202) - Open School Ground Mandap Partition,होली क्रॉस स्कूल (द्रोपदी कुटीर कुंभारखान पाडा डोंबिवली पश्चिम ४२१२०२) - शाळेचे मोकळे मैदान मंडप पार्टीशन
143,59,,,Kdmc Marathi School No.67 (Shivaji Nagar Dombivali West 421202) - Ground Floor Room No.1,कडोंमपा मराठी शाळा क्र.६७ (शिवाजी नगर डोंबिवली पश्चिम ४२१२०२) - तळमजला खोली क्र.१
143,60,,,Kdmc Marathi School No.67 (Shivaji Nagar Dombivali West 421202) - Ground Floor Room No.2,कडोंमपा मराठी शाळा क्र.६७ (शिवाजी नगर डोंबिवली पश्चिम ४२१२०२) - तळमजला खोली क्र.२
143,61,,,Kdmc Marathi School No.67 (Shivaji Nagar Dombivali West 421202) - Ground Floor Room No.3,कडोंमपा मराठी शाळा क्र.६७ (शिवाजी नगर डोंबिवली पश्चिम ४२१२०२) - तळमजला खोली क्र.३
143,62,,,Kdmc Marathi School No.67 (Shivaji Nagar Dombivali West 421202) - Ground Floor Room No.4,कडोंमपा मराठी शाळा क्र.६७ (शिवाजी नगर डोंबिवली पश्चिम ४२१२०२) - तळमजला खोली क्र.४
143,63,,,Vijay Gruh Nirman Socity Manorajan Office (Vijay Soc.Thakurli Dombivali West 421202) - Partition No.1,विजय गृह निर्माण सोसायटी मनोरंजन कार्यालय(विजय सोसायटी ठाकुर्ली डोंबिवली पश्चिम ४२१२०२) - पार्टीशन क्र.१
143,64,,,Vijay Gruh Nirman Socity Manorajan Office (Vijay Soc.Thakurli Dombivali West 421202) - Partition No.2,विजय गृह निर्माण सोसायटी मनोरंजन कार्यालय(विजय सोसायटी ठाकुर्ली डोंबिवली पश्चिम ४२१२०२) - पार्टीशन क्र.२
143,65,,,Bhoir Gymkhana Sports Training Center(Mahatma Phule Road Dombivali West 421202) - Open Hall Partition No.1,भोईर जिमखाना क्रीडा प्रशिक्षण केंद्र(महात्मा फुले रोड डोंबिवली पश्चिम ४२१२०२) - मोकळे हॉल पार्टिशन क्र.१
143,66,,,Bhoir Gymkhana Sports Training Center(Mahatma Phule Road Dombivali West 421202) - Open Hall Partition No.2,भोईर जिमखाना क्रीडा प्रशिक्षण केंद्र(महात्मा फुले रोड डोंबिवली पश्चिम ४२१२०२) - मोकळे हॉल पार्टिशन क्र.२
143,67,,,Ganpati Mandir Agri Sabhagruha(Navapada Dombivali West 421202) - Ground Floor Room No.1,गणपती मंदिर आगरी सभागृह(नवापाडा डोंबिवली पश्चिम ४२१२०२) - तळमजला खोली क्र.१
143,68,,,Ganpati Mandir Agri Sabhagruha(Navapada Dombivali West 421202) - Ground Floor Room No.2,गणपती मंदिर आगरी सभागृह(नवापाडा डोंबिवली पश्चिम ४२१२०२) - तळमजला खोली क्र.२
143,69,,,Ganpati Mandir Agri Sabhagruha(Navapada Dombivali West 421202) - Mandap Partition No.1,गणपती मंदिर आगरी सभागृह(नवापाडा डोंबिवली पश्चिम ४२१२०२) - मंडप पार्टीशन क्र.१
143,70,,,Ganpati Mandir Agri Sabhagruha(Navapada Dombivali West 421202) - Mandap Partition No.2,गणपती मंदिर आगरी सभागृह(नवापाडा डोंबिवली पश्चिम ४२१२०२) - मंडप पार्टीशन क्र.२
143,71,,,Kdmc P. Madanmohan Malviya Hindi Primary School No.87-3 (Navapada Dombivali West 421202) - Ground Floor Room No.1,कडोंमपा पं.मदनमोहन मालवीय हिंदी प्राथमिक शाळा क्र.८७/३ (नवापाडा डोंबिवली पश्चिम ४२१२०२) - तळमजला खोली क्र.१
143,72,,,Kdmc P. Madanmohan Malviya Hindi Primary School No.87-3 (Navapada Dombivali West 421202) - Ground Floor Room No.2,कडोंमपा पं.मदनमोहन मालवीय हिंदी प्राथमिक शाळा क्र.८७/३ (नवापाडा डोंबिवली पश्चिम ४२१२०२) - तळमजला खोली क्र.२
143,73,,,Kdmc P. Madanmohan Malviya Hindi Primary School No.87-3 (Navapada Dombivali West 421202) - Open School Ground Mandap,कडोंमपा पं.मदनमोहन मालवीय हिंदी प्राथमिक शाळा क्र.८७/३ (नवापाडा डोंबिवली पश्चिम ४२१२०२) - शाळेचे मोकळे मैदान मंडप
143,74,,,Sai Sanstha Ganesh Vidyalaya(Mamal Appartment Navapada Dombivali West 421202) - Ground Floor Room No.1,साई संस्था गणेश विद्यालय(मामल अपार्टमेंट नवापाडा डोंबिवली पश्चिम ४२१२०२) - तळमजला खोली क्र.१
143,75,,,Sai Sanstha Ganesh Vidyalaya(Mamal Appartment Navapada Dombivali West 421202) - Ground Floor Room No.2,साई संस्था गणेश विद्यालय(मामल अपार्टमेंट नवापाडा डोंबिवली पश्चिम ४२१२०२) - तळमजला खोली क्र.२
143,76,,,Sai Sanstha Ganesh Vidyalaya(Mamal Appartment Navapada Dombivali West 421202) - Ground Floor Room No.3,साई संस्था गणेश विद्यालय(मामल अपार्टमेंट नवापाडा डोंबिवली पश्चिम ४२१२०२) - तळमजला खोली क्र.३
143,77,,,Arunodaya Society( M.P.Road Dombivali West 421202) - Open Ground Natyagruha Room No.1,अरूणोदय सोसाइटी(एम.पी.रोड डोंबीवली पश्चिम 421202) - मोकळे मैदान नाट्यगृह खोली क्र.१
143,78,,,Arunodaya Society( M.P.Road Dombivali West 421202) - Open Ground Natyagruha Room No.2,अरूणोदय सोसाइटी(एम.पी.रोड डोंबीवली पश्चिम 421202) - मोकळे मैदान नाट्यगृह खोली क्र.२
143,79,,,Arunodaya Society( M.P.Road Dombivali West 421202) - Chinar Banglow Open Ground Mandap No.1,अरूणोदय सोसाइटी(एम.पी.रोड डोंबीवली पश्चिम 421202) - चिनार बंगला मोकळे मैदान मंडप पार्टिशन क्र.१
143,80,,,Arunodaya Society( M.P.Road Dombivali West 421202) - Chinar Banglow Open Ground Mandap No.2,अरूणोदय सोसाइटी(एम.पी.रोड डोंबीवली पश्चिम 421202) - चिनार बंगला मोकळे मैदान मंडप पार्टिशन क्र.२
143,81,,,Arunodaya Society( M.P.Road Dombivali West 421202) - Chinar Banglow Open Ground Mandap Partition No.3,अरूणोदय सोसाइटी(एम.पी.रोड डोंबीवली पश्चिम 421202) - (चिनार बंगला)मोकळे मैदान मंडप पार्टिशन क्र.३
143,82,,,Bhoir Gymkhana Sports Training Center(Mahatma Phule Road Dombivali West 421202) - Gymnastics Room,भोईर जिमखाना क्रीडा प्रशिक्षण केंद्र(महात्मा फुले रोड डोंबिवली पश्चिम ४२१२०२) - जिम्नॅस्टिक खोली
143,83,,,Swami Vivekanand High School Arunodaya Society (M.P.Road Dombivali West 421202) - Ground Floor Room No.1,स्वामी विवेकानंद माध्यमिक शाळा अरुणोदय सोसायटी (एम पी रोड डोंबिवली पश्चिम ४२१२०२) - तळमजला खोली क्र.१
143,84,,,Swami Vivekanand High School Arunodaya Society (M.P.Road Dombivali West 421202) - Ground Floor Room No.2,स्वामी विवेकानंद माध्यमिक शाळा अरुणोदय सोसायटी (एम पी रोड डोंबिवली पश्चिम ४२१२०२) - तळमजला खोली क्र.२
143,85,,,Swami Vivekanand High School Arunodaya Society (M.P.Road Dombivali West 421202) - Ground Floor Room No.3,स्वामी विवेकानंद माध्यमिक शाळा अरुणोदय सोसायटी (एम पी रोड डोंबिवली पश्चिम ४२१२०२) - तळमजला खोली क्र.३
143,86,,,Swami Vivekanand High School Arunodaya Society (M.P.Road Dombivali West 421202) - Ground Floor Room No.4,स्वामी विवेकानंद माध्यमिक शाळा अरुणोदय सोसायटी (एम पी रोड डोंबिवली पश्चिम ४२१२०२) - तळमजला खोली क्र.४
143,87,,,Swami Vivekanand High School Arunodaya Society (M.P.Road Dombivali West 421202) - Ground Hall Partition.1,स्वामी विवेकानंद माध्यमिक शाळा अरुणोदय सोसायटी (एम पी रोड डोंबिवली पश्चिम ४२१२०२) - तळमजला हॉल पार्टीशन क्र.१
143,88,,,Swami Vivekanand High School Arunodaya Society (M.P.Road Dombivali West 421202) - Ground Hall Partition.2,स्वामी विवेकानंद माध्यमिक शाळा अरुणोदय सोसायटी (एम पी रोड डोंबिवली पश्चिम ४२१२०२) - तळमजला हॉल पार्टीशन क्र.२
143,89,,,Swami Vivekanand High School Arunodaya Society (M.P.Road Dombivali West 421202) - Ground Floor Mandap Partition No.3,स्वामी विवेकानंद माध्यमिक शाळा अरुणोदय सोसायटी (एम पी रोड डोंबिवली पश्चिम ४२१२०२) - तळमजला मंडप पार्टीशन क्र.३
143,90,,,Swami Vivekanand High School Arunodaya Society (M.P.Road Dombivali West 421202) - Ground Floor Mandap Partition.4,स्वामी विवेकानंद माध्यमिक शाळा अरुणोदय सोसायटी (एम पी रोड डोंबिवली पश्चिम ४२१२०२) - तळमजला मंडप पार्टीशन क्र.४
143,91,,,Maratha Hitvardhak Mandal Karyalya (Mahatma Phule Road Dombivali West 421202) - Ground Floor Partition Room No.1,मराठा हितवर्धक मंडळ कार्यालय (महात्मा फुले रोड डोंबिवली पश्चिम ४२१२०२) - तळमजला पार्टीशन खोली क्र.१
143,92,,,Maratha Hitvardhak Mandal Karyalya (Mahatma Phule Road Dombivali West 421202) - Ground Floor Partition Room No.2,मराठा हितवर्धक मंडळ कार्यालय (महात्मा फुले रोड डोंबिवली पश्चिम ४२१२०२) - तळमजला पार्टीशन खोली क्र.२
143,93,,,Kidland English Medium School(Kopar Cross Road Dombivali West 421202) - Ground Floor Room No.1,किडलँड इंग्लिश मिडीयम स्कूल(कोपर क्रॉस रोड डोंबिवली पश्चिम ४२१२०२) - तळमजला खोली क्र.१
143,94,,,Vande Matram Degree College(Nemade Road Telkos Wadi Dombivali West 421202 ) - Ground Floor Hall Partition No.1,वंदे मातरम डिग्री कॉलेज(नेमाडे मार्ग तेलकोसवाडी डोंबिवली पश्चिम ४२१२०२) - तळमजला हॉल पार्टिशन क्र. १
143,95,,,Vande Matram Degree College(Nemade Road Telkos Wadi Dombivali West 421202 ) - Ground Floor Hall Partition No.2,वंदे मातरम डिग्री कॉलेज(नेमाडे मार्ग तेलकोसवाडी डोंबिवली पश्चिम ४२१२०२) - तळमजला हॉल पार्टिशन क्र. २
143,96,,,Kidland English Medium School(Kopar Cross Road Dombivali West 421202) - Ground Floor Hall Partition No.1,किडलँड इंग्लिश मिडीयम स्कूल(कोपर क्रॉस रोड डोंबिवली पश्चिम ४२१२०२) - तळमजला हॉल पार्टीशन क्र.१
143,97,,,Kidland English Medium School(Kopar Cross Road Dombivali West 421202) - Ground Floor Hall Partition No.2,किडलँड इंग्लिश मिडीयम स्कूल(कोपर क्रॉस रोड डोंबिवली पश्चिम ४२१२०२) - तळमजला हॉल पार्टीशन क्र.२
143,98,,,Kidland English Medium School(Kopar Cross Road Dombivali West 421202) - Ground Floor Hall Partition No.3,किडलँड इंग्लिश मिडीयम स्कूल(कोपर क्रॉस रोड डोंबिवली पश्चिम ४२१२०२) - तळमजला हॉल पार्टीशन क्र.३
143,99,,,Jan Gan Man English Medium School(Jmf Sanskruti Vihar Nemade Marg Telkoswadi Dombivali West 421202) - Ground Floor Room No.1,जन गण मन इंग्लिश मिडीयम स्कूल (जेएमएफ संस्कृती विहार नेमाडे मार्ग तेलकोसवाडी डोंबिवली पश्चिम ४२१२०२) - तळमजला खोली क्र.१
143,100,,,Jan Gan Man English Medium School(Jmf Sanskruti Vihar Nemade Marg Telkoswadi Dombivali West 421202) - Ground Floor Room No.2,जन गण मन इंग्लिश मिडीयम स्कूल (जेएमएफ संस्कृती विहार नेमाडे मार्ग तेलकोसवाडी डोंबिवली पश्चिम ४२१२०२) - तळमजला खोली क्र.२
143,101,,,Jan Gan Man English Medium School(Jmf Sanskruti Vihar Nemade Marg Telkoswadi Dombivali West 421202) - Ground Floor Room No.3,जन गण मन इंग्लिश मिडीयम स्कूल (जेएमएफ संस्कृती विहार नेमाडे मार्ग तेलकोसवाडी डोंबिवली पश्चिम ४२१२०२) - तळमजला खोली क्र.३
143,102,,,Samaj Unnati Mandal Bharat Mata Vidyalya(Juni Dombivali West 421202) - Ground Floor Room No.1,समाज उन्नती मंडळाचे भारत माता विद्यालय (जुनी डोंबिवली पश्चिम ४२१२०२) - तळमजला खोली क्र.१
143,103,,,Kdmc School No.66 (Old Dombivali West 421202) - Ground Floor Room No.1,कडोंमपा शाळा क्र.६६ (जुनी डोंबिवली पश्चिम ४२१२०२) - तळमजला खोली क्र.१
143,104,,,Kdmc School No.66 (Old Dombivali West 421202) - Ground Floor Room No.2,कडोंमपा शाळा क्र.६६ (जुनी डोंबिवली पश्चिम ४२१२०२) - तळमजला खोली क्र.२
143,105,,,Charu Bama Mhatre Secondary School (Kopar Dombivali West 421202) - New Building Ground Floor Room No.1,चारू बामा म्हात्रे माध्यमिक शाळा(कोपर डोंबिवली पश्चिम ४२१२०२) - नवीन इमारत तळमजला खोली क्र.१
143,106,,,Charu Bama Mhatre Secondary School (Kopar Dombivali West 421202) - New Building Ground Floor Room No.2,चारू बामा म्हात्रे माध्यमिक शाळा(कोपर डोंबिवली पश्चिम ४२१२०२) - नवीन इमारत तळमजला खोली क्र.२
143,107,,,Charu Bama Mhatre Secondary School (Kopar Dombivali West 421202) - New Building Ground Floor Room No.3,चारू बामा म्हात्रे माध्यमिक शाळा(कोपर डोंबिवली पश्चिम ४२१२०२) - नवीन इमारत तळमजला खोली क्र.३
143,108,,,Charu Bama Mhatre Secondary School (Kopar Dombivali West 421202) - New Building Ground Floor Room No.4,चारू बामा म्हात्रे माध्यमिक शाळा(कोपर डोंबिवली पश्चिम ४२१२०२) - नवीन इमारत तळमजला खोली क्र.४
143,109,,,Charu Bama Mhatre Secondary School (Kopar Dombivali West 421202) - Old Building Ground Floor Room No.1,चारू बामा म्हात्रे माध्यमिक शाळा(कोपर डोंबिवली पश्चिम ४२१२०२) - जुनी इमारत तळमजला खोली क्र.१
143,110,,,Charu Bama Mhatre Secondary School (Kopar Dombivali West 421202) - Old Building Ground Floor Room No.2,चारू बामा म्हात्रे माध्यमिक शाळा(कोपर डोंबिवली पश्चिम ४२१२०२) - जुनी इमारत तळमजला खोली क्र.२
143,111,,,Charu Bama Mhatre Secondary School (Kopar Dombivali West 421202) - Old Building Open Ground Mandap,चारू बामा म्हात्रे माध्यमिक शाळा(कोपर डोंबिवली पश्चिम ४२१२०२) - जुनी इमारत समोर मोकळ्या मैदानात मंडप पार्टीशन
143,112,,,Kdmc Marathi School No.22 (Kopar Gaon Dombivali West 421202) - Ground Floor Room No.1,कडोंमपा मराठी शाळा क्र.२२ (कोपरगाव डोंबिवली पश्चिम ४२१२०२) - तळमजला खोली क्र.१
143,113,,,Kdmc Marathi School No.22 (Kopar Gaon Dombivali West 421202) - Ground Floor Room No.2,कडोंमपा मराठी शाळा क्र.२२ (कोपरगाव डोंबिवली पश्चिम ४२१२०२) - तळमजला खोली क्र.२
143,114,,,Kdmc Marathi School No.22 (Kopar Gaon Dombivali West 421202) - Ground Floor Room No.3,कडोंमपा मराठी शाळा क्र.२२ (कोपरगाव डोंबिवली पश्चिम ४२१२०२) - तळमजला खोली क्र.३
143,115,,,Kdmc Shashtrinagar Hospital (Kopar Road Dombivali West 421202) - Ground Floor Room No.1,कडोंमपा शास्त्रीनगर हॉस्पिटल (कोपर रोड डोंबिवली पश्चिम ४२१२०२) - तळमजला खोली क्र.१
143,116,,,Kdmc Shashtrinagar Hospital (Kopar Road Dombivali West 421202) - Ground Floor Room No.2,कडोंमपा शास्त्रीनगर हॉस्पिटल (कोपर रोड डोंबिवली पश्चिम ४२१२०२) - तळमजला खोली क्र.२
143,117,,,Kdmc Shashtrinagar Hospital (Kopar Road Dombivali West 421202) - Ground Floor Room No.3,कडोंमपा शास्त्रीनगर हॉस्पिटल (कोपर रोड डोंबिवली पश्चिम ४२१२०२) - तळमजला खोली क्र.३
143,118,,,Kdmc Shashtrinagar Hospital (Kopar Road Dombivali West 421202) - Ground Floor Room No.4,कडोंमपा शास्त्रीनगर हॉस्पिटल (कोपर रोड डोंबिवली पश्चिम ४२१२०२) - तळमजला खोली क्र.४
143,119,,,Kdmc Shashtrinagar Hospital (Kopar Road Dombivali West 421202) - Ground Floor Room No.5,कडोंमपा शास्त्रीनगर हॉस्पिटल (कोपर रोड डोंबिवली पश्चिम ४२१२०२) - तळमजला खोली क्र.५
143,120,,,Kdmc Shashtrinagar Hospital (Kopar Road Dombivali West 421202) - Ground Floor Room No.6,कडोंमपा शास्त्रीनगर हॉस्पिटल (कोपर रोड डोंबिवली पश्चिम ४२१२०२) - तळमजला खोली क्र.६
143,121,,,South Indian Secondary School (Kopar Road Dombivali West 421202) - Ground Floor Open Hall Partition No.1,साउथ इंडियन माध्यमिक शाळा(कोपर रोड डोंबिवली पश्चिम ४२१२०२) - तळमजला मोकळा हॉल पार्टिशन क्र.१
143,122,,,South Indian Secondary School (Kopar Road Dombivali West 421202) - Ground Floor Open Hall Partition No.2,साउथ इंडियन माध्यमिक शाळा(कोपर रोड डोंबिवली पश्चिम ४२१२०२) - तळमजला मोकळा हॉल पार्टिशन क्र.२
143,123,,,South Indian Secondary School (Kopar Road Dombivali West 421202) - Ground Floor Open Hall Partition No.3,साउथ इंडियन माध्यमिक शाळा(कोपर रोड डोंबिवली पश्चिम ४२१२०२) - तळमजला मोकळा हॉल पार्टिशन क्र.३
143,124,,,South Indian Secondary School (Kopar Road Dombivali West 421202) - Ground Floor Open Ground Mandap Partition No.1,साउथ इंडियन माध्यमिक शाळा(कोपर रोड डोंबिवली पश्चिम ४२१२०२) - मोकळ्या जागेत मंडप क्र.१
143,125,,,South Indian Secondary School (Kopar Road Dombivali West 421202) - Ground Floor Open Ground Mandap Partition No.2,साउथ इंडियन माध्यमिक शाळा(कोपर रोड डोंबिवली पश्चिम ४२१२०२) - मोकळ्या जागेत मंडप क्र.२
143,126,,,South Indian Secondary School (Kopar Road Dombivali West 421202) - Ground Floor Partition No.1 In Shed In Front Of Gate No.1,साउथ इंडियन माध्यमिक शाळा(कोपर रोड डोंबिवली पश्चिम ४२१२०२) - तळमजला गेट क्र.१ समोर शेड मध्ये पार्टिशन क्र.१
143,127,,,South Indian Secondary School (Kopar Road Dombivali West 421202) - Ground Floor Gate No.1 In Front Of Shed Partition No.2,साउथ इंडियन माध्यमिक शाळा(कोपर रोड डोंबिवली पश्चिम ४२१२०२) - तळमजला गेट क्र.१ समोर शेड मध्ये पार्टिशन क्र.२
143,128,,,South Indian Secondary School (Kopar Road Dombivali West 421202) - Ground Floor Room No.1,साउथ इंडियन माध्यमिक शाळा(कोपर रोड डोंबिवली पश्चिम ४२१२०२) - तळमजला खोली क्र.१
143,129,,,South Indian Secondary School (Kopar Road Dombivali West 421202) - School Ground Floor Room No.2,साउथ इंडियन माध्यमिक शाळा(कोपर रोड डोंबिवली पश्चिम ४२१२०२) - तळमजला खोली क्र.२
143,130,,,South Indian Secondary School (Kopar Road Dombivali West 421202) - Ground Floor Room No.3,साउथ इंडियन माध्यमिक शाळा(कोपर रोड डोंबिवली पश्चिम ४२१२०२) - तळमजला खोली क्र.३
143,131,,,South Indian Secondary School (Kopar Road Dombivali West 421202) - Ground Floor Room No.4,साउथ इंडियन माध्यमिक शाळा(कोपर रोड डोंबिवली पश्चिम ४२१२०२) - तळमजला खोली क्र.४
143,132,,,South Indian Secondary School (Kopar Road Dombivali West 421202) - Ground Floor Room No.5,साउथ इंडियन माध्यमिक शाळा(कोपर रोड डोंबिवली पश्चिम ४२१२०२) - तळमजला खोली क्र.५
143,133,,,South Indian Secondary School (Kopar Road Dombivali West 421202) - Ground Floor Room No.6,साउथ इंडियन माध्यमिक शाळा(कोपर रोड डोंबिवली पश्चिम ४२१२०२) - तळमजला खोली क्र.६
143,134,,,South Indian Secondary School (Kopar Road Dombivali West 421202) - Ground Floor Gate No.2 Shed Partition No.1,साउथ इंडियन माध्यमिक शाळा(कोपर रोड डोंबिवली पश्चिम ४२१२०२) - तळमजला गेट क्र.२ शेड पार्टिशन क्र.१
143,135,,,South Indian Secondary School (Kopar Road Dombivali West 421202) - Open Hall Partition No.4,साउथ इंडियन माध्यमिक शाळा(कोपर रोड डोंबिवली पश्चिम ४२१२०२) - मोकळा हॉल पार्टीशन क्रमांक ४
143,136,,,Jondhale Secondary School (Kopar Cross Road Dombivali West 421202) - Building No.2 Ground Floor Room No,जोंधळे माध्यमिक शाळा (कोपर क्रॉस रोड डोंबिवली पश्चिम ४२१२०२) - बिल्डिंग क्र.२ तळमजला खोली क्र.१
143,137,,,Jondhale Secondary School (Kopar Cross Road Dombivali West 421202) - Building No.2 Ground Floor Room No.2,जोंधळे माध्यमिक शाळा (कोपर क्रॉस रोड डोंबिवली पश्चिम ४२१२०२) - बिल्डिंग क्र.२ तळमजला खोली क्र.२
143,138,,,Jondhale Secondary School (Kopar Cross Road Dombivali West 421202) - Building No.3 Ground Floor Room No.1,जोंधळे माध्यमिक शाळा (कोपर क्रॉस रोड डोंबिवली पश्चिम ४२१२०२) - बिल्डिंग क्र.३ तळमजला खोली क्र.१
143,139,,,Jondhale Secondary School (Kopar Cross Road Dombivali West 421202) - Building No.3 Ground Floor Room No.2,जोंधळे माध्यमिक शाळा (कोपर क्रॉस रोड डोंबिवली पश्चिम ४२१२०२) - बिल्डिंग क्र.३ तळमजला खोली क्र.२
143,140,,,Jondhale Secondary School (Kopar Cross Road Dombivali West 421202) - Building No.4 Ground Floor Room No.1,जोंधळे माध्यमिक शाळा (कोपर क्रॉस रोड डोंबिवली पश्चिम ४२१२०२) - बिल्डिंग क्र.४ तळमजला खोली क्र.१
143,141,,,Jondhale Secondary School (Kopar Cross Road Dombivali West 421202) - Building No.4 Ground Floor Room No.2,जोंधळे माध्यमिक शाळा (कोपर क्रॉस रोड डोंबिवली पश्चिम ४२१२०२) - बिल्डिंग क्र.४ तळमजला खोली क्र.२
143,142,,,Jondhale Secondary School (Kopar Cross Road Dombivali West 421202) - Building No.5 Ground Floor Room No.1,जोंधळे माध्यमिक शाळा (कोपर क्रॉस रोड डोंबिवली पश्चिम ४२१२०२) - बिल्डिंग क्र.५ तळमजला खोली क्र.१
143,143,,,Jondhale Secondary School (Kopar Cross Road Dombivali West 421202) - Building No.5 Ground Floor Room No.2,जोंधळे माध्यमिक शाळा (कोपर क्रॉस रोड डोंबिवली पश्चिम ४२१२०२) - बिल्डिंग क्र.५ तळमजला खोली क्र.२
143,144,,,Jondhale Secondary School (Kopar Cross Road Dombivali West 421202) - Bldg.No.5 Room No.3,जोंधळे माध्यमिक शाळा (कोपर क्रॉस रोड डोंबिवली पश्चिम ४२१२०२) - बिल्डिंग क्र.५ तळमजला खोली क्र.३
143,145,,,S H Jondhale Polytechnic College(Kopar Cross RoadDombivali West 421202) - Civil Lav Room No.1,स.है.जोंधळे पॉलिटेक्निक कॉलेज(कोपर क्रॉस रोड डोंबिवली पश्चिम ४२१२०२) - सिव्हिल लॅब खोली क्र.१
143,146,,,S H Jondhale Polytechnic College(Kopar Cross RoadDombivali West 421202) - Civil Lab Room No.02,स.है.जोंधळे पॉलिटेक्निक कॉलेज(कोपर क्रॉस रोड डोंबिवली पश्चिम ४२१२०२) - सिव्हिल लॅब खोली क्र.२
143,147,,,S H Jondhale Polytechnic College(Kopar Cross RoadDombivali West 421202) - Technical Workshop,स.है.जोंधळे पॉलिटेक्निक कॉलेज(कोपर क्रॉस रोड डोंबिवली पश्चिम ४२१२०२) - तंत्रनिकेतन वर्कशॉप
143,148,,,Swami Vivekanand Vidyamandir Ranapratap Bhavan (Devi Chowk Dombivali West 421202) - Ground Floor Hall Partition No.1,स्वामी विवेकानंद विद्यामंदिर राणा प्रताप भवन (देवी चौक डोंबिवली पश्चिम ४२१२०२) - तळमजला हॉल पार्टीशन क्र.१
143,149,,,Swami Vivekanand Vidyamandir Ranapratap Bhavan (Devi Chowk Dombivali West 421202) - Ground Floor Hall Partition No.2,स्वामी विवेकानंद विद्यामंदिर राणा प्रताप भवन (देवी चौक डोंबिवली पश्चिम ४२१२०२) - तळमजला हॉल पार्टीशन क्र.२
143,150,,,Swami Vivekanand Vidyamandir Ranapratap Bhavan (Devi Chowk Dombivali West 421202) - Ground Floor Room No.1,स्वामी विवेकानंद विद्यामंदिर राणा प्रताप भवन (देवी चौक डोंबिवली पश्चिम ४२१२०२) - तळमजला खोली क्र.१
143,151,,,Swami Vivekanand Vidyamandir Ranapratap Bhavan (Devi Chowk Dombivali West 421202) - Ground Floor Room No.2,स्वामी विवेकानंद विद्यामंदिर राणा प्रताप भवन (देवी चौक डोंबिवली पश्चिम ४२१२०२) - तळमजला खोली क्र.२
143,152,,,Swami Vivekanand Vidyamandir Ranapratap Bhavan (Devi Chowk Dombivali West 421202) - Ground Floor Room No.3,स्वामी विवेकानंद विद्यामंदिर राणा प्रताप भवन (देवी चौक डोंबिवली पश्चिम ४२१२०२) - तळमजला खोली क्र.३
143,153,,,Mahatma Gandhi Vidyalya(Phule Road Dombivali West 421202) - Ground Floor Room No.1,महत्मा गांधी विद्यालय(फुले रोड डोंबीवली पश्चिम 421202) - तळमजला खोली क्र.१
143,154,,,Mahatma Gandhi Vidyalya(Phule Road Dombivali West 421202) - Ground Floor Room No.2,महत्मा गांधी विद्यालय(फुले रोड डोंबीवली पश्चिम 421202) - तळमजला खोली क्र.२
143,155,,,Aadhar Heights Soc.(Nr Bhagshala MaidanDombivali West 421202) - Parking Partition No.1,आधार हाईटस सोसायटी(भागशाळा मैदानजवळ डोंबिवली पश्चिम ४२१२०२) - वाहनतळ पार्टीशन क्र.१
143,156,,,Aadhar Heights Soc.(Nr Bhagshala MaidanDombivali West 421202) - Parking Partition No.2,आधार हाईटस सोसायटी(भागशाळा मैदानजवळ डोंबिवली पश्चिम ४२१२०२) - वाहनतळ पार्टीशन क्र.२
143,157,,,Aadhar Heights Soc.(Nr Bhagshala MaidanDombivali West 421202) - Parking Partition No.3,आधार हाईटस सोसायटी(भागशाळा मैदानजवळ डोंबिवली पश्चिम ४२१२०२) - वाहनतळ पार्टीशन क्र.३
143,158,,,Parvatibai Sakharam Jondhale Vidyalya(Ganesh Nagar Dombivali West 421202) - Ground Floor Room No.1,पार्वतीबाई सखाराम जोंधळे विद्यालय(गणेश नगरडोंबिवली पश्चिम ४२१२०२) - तळमजला खोली क्र.१
143,159,,,Parvatibai Sakharam Jondhale Vidyalya(Ganesh Nagar Dombivali West 421202) - Ground Floor Room No.2.,पार्वतीबाई सखाराम जोंधळे विद्यालय(गणेश नगरडोंबिवली पश्चिम ४२१२०२) - तळमजला खोली क्र.२
143,160,,,Parvatibai Sakharam Jondhale Vidyalya(Ganesh Nagar Dombivali West 421202) - Ground Floor Room No.3.,पार्वतीबाई सखाराम जोंधळे विद्यालय(गणेश नगरडोंबिवली पश्चिम ४२१२०२) - तळमजला खोली क्र.३
143,161,,,Parvatibai Sakharam Jondhale Vidyalya(Ganesh Nagar Dombivali West 421202) - Open Space Mandap,पार्वतीबाई सखाराम जोंधळे विद्यालय(गणेश नगरडोंबिवली पश्चिम ४२१२०२) - मोकळ्या जागेतील मंडप
143,162,,,Parvatibai Sakharam Jondhale Vidyalya(Ganesh Nagar Dombivali West 421202) - Room No.4,पार्वतीबाई सखाराम जोंधळे विद्यालय(गणेश नगरडोंबिवली पश्चिम ४२१२०२) - खोली क्र.४
143,163,,,Trimurti Co.Op Housing Soc(Ganesh Nagar Dombivali West 421202) - Trimurti Sabhagruh Partition No.1,त्रिमूर्ती को. ऑप. हौसिंग सोसायटीचे (गणेश नगर डोंबिवली पश्चिम ४२१२०२) - त्रिमूर्ती सभागृह पार्टीशन क्र.१
143,164,,,Trimurti Co.Op Housing Soc(Ganesh Nagar Dombivali West 421202) - Trimurti Sabhagruh Partition No.2,त्रिमूर्ती को. ऑप. हौसिंग सोसायटीचे (गणेश नगर डोंबिवली पश्चिम ४२१२०२) - त्रिमूर्ती सभागृह पार्टीशन क्र.२
143,165,,,Trimurti Co.Op Housing Soc(Ganesh Nagar Dombivali West 421202) - Trimurti Sabhagruh Partition No.3,त्रिमूर्ती को. ऑप. हौसिंग सोसायटीचे (गणेश नगर डोंबिवली पश्चिम ४२१२०२) - त्रिमूर्ती सभागृह पार्टीशन क्र.३
143,166,,,Savitri Co-Op.Housing Society Ltd (Bhagshala Maidan Dombivali West 421202) - Parking Partition No.1,सावित्री को.ऑप.हौ.सोसायटी लिमिटेड (भागशाळा मैदानजवळ डोंबिवली पश्चिम ४२१२०२) - तळमजला वाहनतळ पार्टिशन क्र.१
143,167,,,Savitri Co-Op.Housing Society Ltd (Bhagshala Maidan Dombivali West 421202) - Parking Partition No.2,सावित्री को.ऑप.हौ.सोसायटी लिमिटेड (भागशाळा मैदानजवळ डोंबिवली पश्चिम ४२१२०२) - तळमजला वाहनतळ पार्टिशन क्र..२
143,168,,,Savitri Co-Op.Housing Society Ltd (Bhagshala Maidan Dombivali West 421202) - Parking Partition No.3,सावित्री को.ऑप.हौ.सोसायटी लिमिटेड (भागशाळा मैदानजवळ डोंबिवली पश्चिम ४२१२०२) - तळमजला वाहनतळ पार्टिशन क्र.३
143,169,,,Savitri Co-Op.Housing Society Ltd (Bhagshala Maidan Dombivali West 421202) - Parking Partition No.4,सावित्री को.ऑप.हौ.सोसायटी लिमिटेड (भागशाळा मैदानजवळ डोंबिवली पश्चिम ४२१२०२) - तळमजला वाहनतळ पार्टिशन क्र.४
143,170,,,Sarswati Vidyamandir School (Bhagshala Maidan Dombivali West 421202) - Ground Floor Room No.1,सरस्वती विद्यामंदिर शाळा (भागशाळा मैदानासमोर डोंबिवली पश्चिम ४२१२०२) - तळमजला खोली क्र.१
143,171,,,Sarswati Vidyamandir School (Bhagshala Maidan Dombivali West 421202) - Ground Floor Room No.2,सरस्वती विद्यामंदिर शाळा (भागशाळा मैदानासमोर डोंबिवली पश्चिम ४२१२०२) - तळमजला खोली क्र.२
143,172,,,Sarswati Vidyamandir School (Bhagshala Maidan Dombivali West 421202) - Ground Floor Room No.3,सरस्वती विद्यामंदिर शाळा (भागशाळा मैदानासमोर डोंबिवली पश्चिम ४२१२०२) - तळमजला खोली क्र.३
143,173,,,Sarswati Vidyamandir School (Bhagshala Maidan Dombivali West 421202) - Ground Floor Room No.4,सरस्वती विद्यामंदिर शाळा (भागशाळा मैदानासमोर डोंबिवली पश्चिम ४२१२०२) - तळमजला खोली क्र.४
143,174,,,Yogeshwar Rama Ashish Society (M.G.Road Dombivali West 421202) - Parking Area Partition No.1,योगेश्वर रमा आशिष सोसायटी (एम जी.रोड डोंबिवली पश्चिम ४२१२०२) - वाहनतळ पार्टिशन क्र.१
143,175,,,Yogeshwar Rama Ashish Society (M.G.Road Dombivali West 421202) - Parking Area Partition No.2,योगेश्वर रमा आशिष सोसायटी (एम जी.रोड डोंबिवली पश्चिम ४२१२०२) - वाहनतळ पार्टिशन क्र.२
143,176,,,Dnyaneshwari Office Hall (Phule Road Dombivali West 421202) - Ground Floor Partition No.1,ज्ञानेश्वरी कार्यालय हॉल(फुले रोड डोंबिवली पश्चिम ४२१२०२) - तळमजला पार्टीशन क्र.१
143,177,,,Dnyaneshwari Office Hall (Phule Road Dombivali West 421202) - Ground Floor Partition No.2,ज्ञानेश्वरी कार्यालय हॉल(फुले रोड डोंबिवली पश्चिम ४२१२०२) - तळमजला पार्टीशन क्र.२
143,178,,,Aadarsh Vidyalay(Rajaji Path Dombivali East 421201) - Ground Floor Room No.1,आदर्श विद्यालय (राजाजी पथ डोंबिवली पूर्व ४२१२०१) - तळमजला खोली क्र.१
143,179,,,Aadarsh Vidyalay(Rajaji Path Dombivali East 421201) - Ground Floor Hall Partition No.1,आदर्श विद्यालय (राजाजी पथ डोंबिवली पूर्व ४२१२०१) - तळमजला हॉल पार्टीशन १
143,180,,,Aadarsh Vidyalay(Rajaji Path Dombivali East 421201) - Ground Floor Hall Partition No.2,आदर्श विद्यालय (राजाजी पथ डोंबिवली पूर्व ४२१२०१) - तळमजला हॉल पार्टीशन क्र.२
143,181,,,Swami Vivekanand Vidyamandir (Rajaji Path Dombivali East 421201) - Ground Floor Room No.1,स्वामी विवेकानंद विद्यामंदिर (राजाजी पथ डोंबिवली पूर्व ४२१२०१) - तळमजला खोली क्र.१
143,182,,,Swami Vivekanand Vidyamandir (Rajaji Path Dombivali East 421201) - Ground Floor Room No.2,स्वामी विवेकानंद विद्यामंदिर (राजाजी पथ डोंबिवली पूर्व ४२१२०१) - तळमजला खोली क्र.२
143,183,,,I.E.S Patkar Vidyalay (Ayre Road Dombivali East 421201) - Ground Floor Room No.1,आय.ई.एस. पाटकर विद्यालय (आयरे रोड डोंबिवली पूर्व ४२१२०१) - तळमजला खोली क्र.१
143,184,,,I.E.S Patkar Vidyalay (Ayre Road Dombivali East 421201) - Ground Floor Room No.2,आय.ई.एस. पाटकर विद्यालय (आयरे रोड डोंबिवली पूर्व ४२१२०१) - तळमजला खोली क्र.२
143,185,,,I.E.S Patkar Vidyalay (Ayre Road Dombivali East 421201) - Ground Floor Room No.3,आय.ई.एस. पाटकर विद्यालय (आयरे रोड डोंबिवली पूर्व ४२१२०१) - तळमजला खोली क्र.३
143,186,,,Shashtri Hall (Datt Nagar Dombivali East 421201) - Ground Floor Partition No.1,शास्त्री हॉल (दत्त नगर डोंबिवली पूर्व ४२१२०१) - तळमजला पार्टीशन क्र.१
143,187,,,Shashtri Hall (Datt Nagar Dombivali East 421201) - Ground Floor Partition No.2,शास्त्री हॉल (दत्त नगर डोंबिवली पूर्व ४२१२०१) - तळमजला पार्टीशन क्र.२
143,188,,,S.K.Patil English Medium School (Tandon Road Nr. Thakur Hall Dombivali East 421201) - Ground Floor Room No.1,एस.के.पाटील इंग्लिश मिडीयम स्कूल (टंडन रोड ठाकूर हॉलजवळ डोंबिवली पूर्व ४२१२०१) - तळमजला खोली क्र.१
143,189,,,S.K.Patil English Medium School (Tandon Road Nr. Thakur Hall Dombivali East 421201) - Ground Floor Room No.2,एस.के.पाटील इंग्लिश मिडीयम स्कूल (टंडन रोड ठाकूर हॉलजवळ डोंबिवली पूर्व ४२१२०१) - तळ मजला खोली क्र.२
143,190,,,S.K.Patil English Medium School (Tandon Road Nr. Thakur Hall Dombivali East 421201) - Ground Floor Partition No.1,एस.के.पाटील इंग्लिश मिडीयम स्कूल (टंडन रोड ठाकूर हॉलजवळ डोंबिवली पूर्व ४२१२०१) - तळ मजला पार्टीशन क्र.१
143,191,,,R.V.Sathe Vidyalya (Ramnagar Dombivali East 421201) - Ground Floor Room No.1,र.वि.साठे विद्यालय (रामनगर डोंबिवली पूर्व ४२१२०१) - तळमजला खोली क्र.१
143,192,,,R.V.Sathe Vidyalya (Ramnagar Dombivali East 421201) - Ground Floor Room No.2,र.वि.साठे विद्यालय (रामनगर डोंबिवली पूर्व ४२१२०१) - तळमजला खोली क्र.२
143,193,,,R.V.Sathe Vidyalya (Ramnagar Dombivali East 421201) - Ground Floor Room No.3,र.वि.साठे विद्यालय (रामनगर डोंबिवली पूर्व ४२१२०१) - तळमजला खोली क्र.३
143,194,,,Kdmc Hindi Medium School (Dombivali East 421201) - Ground Floor Seprate Room,कडोंमपा हिंदी माध्यमिक शाळा (डोंबिवली पूर्व ४२१२०१) - तळमजला स्वतंत्र खोली
143,195,,,Kdmc Sayajirao Gaikwad Marathi School No.81(Fathe Ali Road Dombivali East 421201) - Ground Floor Room No.1,कडोंमपा सयाजीराव गायकवाड मराठी शाळा क्र.८१ (फतेह अली रोड डोंबिवली पूर्व ४२१२०१) - तळमजला खोली क्र.१
143,196,,,Kdmc Sayajirao Gaikwad Marathi School No.81(Fathe Ali Road Dombivali East 421201) - Ground Floor Room No.2,कडोंमपा सयाजीराव गायकवाड मराठी शाळा क्र.८१ (फतेह अली रोड डोंबिवली पूर्व ४२१२०१) - तळमजला खोली क्र.२
143,197,,,Kdmc Sayajirao Gaikwad Marathi School No.81(Fathe Ali Road Dombivali East 421201) - Ground Floor Room No.3,कडोंमपा सयाजीराव गायकवाड मराठी शाळा क्र.८१ (फतेह अली रोड डोंबिवली पूर्व ४२१२०१) - तळमजला खोली क्र.३
143,198,,,Kdmc Sayajirao Gaikwad Marathi School No.81(Fathe Ali Road Dombivali East 421201) - Ground Floor Room No.4,कडोंमपा सयाजीराव गायकवाड मराठी शाळा क्र.८१ (फतेह अली रोड डोंबिवली पूर्व ४२१२०१) - तळमजला खोली क्र.४
143,199,,,Shet Shri K B Veera High School (Fateh Ali Road Dombivali East 421201) - Open Ground Space Mandap No.1,सेठ श्री.के.बी.वीरा हायस्कूल (फतेह अली रोड डोंबिवली पूर्व ४२१२०१) - मोकळ्या जागेत मंडप क्र.१
143,200,,,Shet Shri K B Veera High School (Fateh Ali Road Dombivali East 421201) - Ground Floor Room No.1,सेठ श्री.के.बी.वीरा हायस्कूल (फतेह अली रोड डोंबिवली पूर्व ४२१२०१) - तळमजला खोली क्र.१
143,201,,,Shet Shri K B Veera High School (Fateh Ali Road Dombivali East 421201) - Ground Floor Room No.2,सेठ श्री.के.बी.वीरा हायस्कूल (फतेह अली रोड डोंबिवली पूर्व ४२१२०१) - तळमजला खोली क्र.२
143,202,,,Shet Shri K B Veera High School (Fateh Ali Road Dombivali East 421201) - Ground Floor Room No.3,सेठ श्री.के.बी.वीरा हायस्कूल (फतेह अली रोड डोंबिवली पूर्व ४२१२०१) - तळमजला खोली क्र.३
143,203,,,Aditya Magal Karyalya (Agarkar Road Dombivali East 421201) - Ground Floor Partition No.1,आदित्य मंगल कार्यालय (आगरकर रोड डोंबिवली पूर्व ४२१२०१) - तळमजला पार्टीशन क्र.१
143,204,,,Aditya Magal Karyalya (Agarkar Road Dombivali East 421201) - Ground Floor Partition No.2,आदित्य मंगल कार्यालय (आगरकर रोड डोंबिवली पूर्व ४२१२०१) - तळमजला पार्टीशन क्र.२
143,205,,,Aditya Magal Karyalya (Agarkar Road Dombivali East 421201) - Ground Floor Partition No.3,आदित्य मंगल कार्यालय (आगरकर रोड डोंबिवली पूर्व ४२१२०१) - तळमजला पार्टीशन क्र.३
143,206,,,C K P Hall(Gadkari Path Dombivali East 421201) - Ground Floor Partition No.1,सी के पी हॉल(गडकरी पथ डोंबिवली पूर्व ४२१२०१) - तळमजला पार्टीशन क्र.१
143,207,,,C K P Hall(Gadkari Path Dombivali East 421201) - Ground Floor Partition No.2,सी के पी हॉल(गडकरी पथ डोंबिवली पूर्व ४२१२०१) - तळमजला पार्टीशन क्र.२
143,208,,,C K P Hall(Gadkari Path Dombivali East 421201) - Ground Floor Partition No.3,सी के पी हॉल(गडकरी पथ डोंबिवली पूर्व ४२१२०१) - तळमजला पार्टीशन क्र.३
143,209,,,Mama Nimkar Sabhagruh (Suyog Mangal Karyalaya)(Tilak Road Dombivali East 421201) - Ground Floor Hall Partition No.1,मामा निमकर सभागृह (सुयोग मंगल कार्यालय) (टिळक रोड डोंबिवली पूर्व ४२१२०१) - तळमजला हॉल पार्टीशन क्र.१
143,210,,,Mama Nimkar Sabhagruh (Suyog Mangal Karyalaya)(Tilak Road Dombivali East 421201) - Ground Floor Hall Partition No.2,मामा निमकर सभागृह (सुयोग मंगल कार्यालय) (टिळक रोड डोंबिवली पूर्व ४२१२०१) - तळमजला हॉल पार्टीशन क्र.२
143,211,,,Mama Nimkar Sabhagruh (Suyog Mangal Karyalaya)(Tilak Road Dombivali East 421201) - Ground Floor Hall Partition No.3,मामा निमकर सभागृह (सुयोग मंगल कार्यालय) (टिळक रोड डोंबिवली पूर्व ४२१२०१) - तळमजला हॉल पार्टीशन क्र.३
143,212,,,Tilak Nagar Vidyamandir(Tilaknagar Parisar Dombivali East 421201) - Old Bldg. Ground Floor Room No.1,टिळकनगर विद्यामंदिर (टिळकनगर परिसर डोंबिवली पूर्व ४२१२०१) - जुनी इमारत तळमजला खोली क्र.१
143,213,,,Tilak Nagar Vidyamandir(Tilaknagar Parisar Dombivali East 421201) - Old Bldg. Ground Floor Room No.2,टिळकनगर विद्यामंदिर (टिळकनगर परिसर डोंबिवली पूर्व ४२१२०१) - जुनी इमारत तळ मजला खोली क्र.२
143,214,,,Tilak Nagar Vidyamandir(Tilaknagar Parisar Dombivali East 421201) - New Bldg. Ground Floor Partition,टिळकनगर विद्यामंदिर (टिळकनगर परिसर डोंबिवली पूर्व ४२१२०१) - नवीन इमारत तळमजला पार्टीशन
143,215,,,Tilak Nagar Vidyamandir(Tilaknagar Parisar Dombivali East 421201) - New Bldg. Ground Floor Room No.1,टिळकनगर विद्यामंदिर (टिळकनगर परिसर डोंबिवली पूर्व ४२१२०१) - नवीन इमारत तळमजला खोली क्र.१
143,216,,,Tilak Nagar Vidyamandir(Tilaknagar Parisar Dombivali East 421201) - New Bldg. Ground Floor Room No.2,टिळकनगर विद्यामंदिर (टिळकनगर परिसर डोंबिवली पूर्व ४२१२०१) - नवीन इमारत तळमजला खोली क्र.२
143,217,,,Tilak Nagar Vidyamandir(Tilaknagar Parisar Dombivali East 421201) - New Bldg. Ground Floor Room No.3,टिळकनगर विद्यामंदिर (टिळकनगर परिसर डोंबिवली पूर्व ४२१२०१) - नवीन इमारत तळ मजला खोली क्र.३
143,218,,,Karhade Bramhan Seva Mandal.Samaj Mandir Sabhagruh(Dombivali East 421201) - Ground Floor Partition No.1,कऱ्हाडे ब्राम्हण सेवा मंडळ. समाज मंदिर सभागृह(डोंबिवली पूर्व ४२१२०१) - तळमजला पार्टीशन क्र.१
143,219,,,Karhade Bramhan Seva Mandal.Samaj Mandir Sabhagruh(Dombivali East 421201) - Ground Floor Partition No.2,कऱ्हाडे ब्राम्हण सेवा मंडळ. समाज मंदिर सभागृह(डोंबिवली पूर्व ४२१२०१) - तळमजला पार्टीशन क्र.२
143,220,,,Mahavir Hights Kdmc Hall(Ganesh Mandir Road Dombivali East 421201) - Ground Floor Car Parking Partition No.1,महावीर हाईटस कडोंमपा हॉल(गणेश मंदिर रोड डोंबिवली पूर्व ४२१२०१) - तळमजला वाहनतळ पार्टीशन क्र.१
143,221,,,Mahavir Hights Kdmc Hall(Ganesh Mandir Road Dombivali East 421201) - Ground Floor Car Parking Partition No.2,महावीर हाईटस कडोंमपा हॉल(गणेश मंदिर रोड डोंबिवली पूर्व ४२१२०१) - तळमजला वाहनतळ पार्टीशन क्र.२
143,222,,,R B T Vidyalya Hindi High School(Savarkar Road Near Neharu Maidan Dombivali East 421201) - Ground Floor Room No.1,आर बी टी विद्यालय हिंदी स्कूल (सावरकर रोड नेहरू मैदानाजवळ डोंबिवली पूर्व ४२१२०१) - तळमजला खोली क्र.१
143,223,,,R B T Vidyalya Hindi High School(Savarkar Road Near Neharu Maidan Dombivali East 421201) - Ground Floor Room No.2,आर बी टी विद्यालय हिंदी स्कूल (सावरकर रोड नेहरू मैदानाजवळ डोंबिवली पूर्व ४२१२०१) - तळमजला खोली क्र.२
143,224,,,R B T Vidyalya Hindi High School(Savarkar Road Near Neharu Maidan Dombivali East 421201) - Ground Floor Room No.3,आर बी टी विद्यालय हिंदी स्कूल (सावरकर रोड नेहरू मैदानाजवळ डोंबिवली पूर्व ४२१२०१) - तळमजला खोली क्र.३
143,225,,,Sangeeta Vidyamandir(Silver Heaven Apartment Veer Savarkar Road Dombivali East 421201) - Room No.01,संगीता विद्यामंदिर(सिल्वर हेवन अपार्टमेंट वीर सावरकर रोडडोंबिवली पूर्व -४२१२०१) - खोली क्र.१
143,226,,,Sangeeta Vidyamandir(Silver Heaven Apartment Veer Savarkar Road Dombivali East 421201) - Room No.02,संगीता विद्यामंदिर(सिल्वर हेवन अपार्टमेंट वीर सावरकर रोडडोंबिवली पूर्व -४२१२०१) - खोली क्र.२
143,227,,,Swami Vivekanand Vidyamandir (Ganesh Mandir Path Near Nehru Ground Dombivali East 421201) - Ground Floor Room No.1,स्वामी विवेकानंद विद्यामंदिर (गणेश मंदिर पथ नेहरू मैदान जवळ डोंबिवली पूर्व ४२१२०१) - तळमजला खोली क्र.१
143,228,,,Swami Vivekanand Vidyamandir (Ganesh Mandir Path Near Nehru Ground Dombivali East 421201) - Ground Floor Room No.2,स्वामी विवेकानंद विद्यामंदिर (गणेश मंदिर पथ नेहरू मैदान जवळ डोंबिवली पूर्व ४२१२०१) - तळमजला खोली क्र.२
143,229,,,Swami Vivekanand Vidyamandir (Ganesh Mandir Path Near Nehru Ground Dombivali East 421201) - Ground Floor Room No.3,स्वामी विवेकानंद विद्यामंदिर (गणेश मंदिर पथ नेहरू मैदान जवळ डोंबिवली पूर्व ४२१२०१) - तळमजला खोली क्र.३
143,230,,,S.V.Joshi High School(Nehru Road Dombivali East 421201) - Main Bldg. Ground Floor Room No.1,एस.व्ही.जोशी माध्यमिक शाळा (नेहरू रोड डोंबिवली पूर्व ४२१२०१) - मुख्य इमारत तळमजला खोली क्र.१
143,231,,,S.V.Joshi High School(Nehru Road Dombivali East 421201) - Main Bldg. Ground Floor Room No.2,एस.व्ही.जोशी माध्यमिक शाळा (नेहरू रोड डोंबिवली पूर्व ४२१२०१) - मुख्य इमारत तळमजला खोली क्र.२
143,232,,,S.V.Joshi High School(Nehru Road Dombivali East 421201) - Back Side Of Main Bldg. Ground Floor Room No.1,एस.व्ही.जोशी माध्यमिक शाळा (नेहरू रोड डोंबिवली पूर्व ४२१२०१) - मुख्य इमारत मागील बाजू तळमजला खोली क्र.१
143,233,,,S.V.Joshi High School(Nehru Road Dombivali East 421201) - Back Side Of Main Bldg. Ground Floor Room No.2,एस.व्ही.जोशी माध्यमिक शाळा (नेहरू रोड डोंबिवली पूर्व ४२१२०१) - मुख्य इमारत तळमजला मागील बाजू खोली क्र.२
143,234,,,S.V.Joshi High School(Nehru Road Dombivali East 421201) - Back Side Of Main Bldg. Ground Floor Room No.3,एस.व्ही.जोशी माध्यमिक शाळा (नेहरू रोड डोंबिवली पूर्व ४२१२०१) - मुख्य इमारत तळमजला मागील बाजू खोली क्र.३
143,235,,,S.V.Joshi High School(Nehru Road Dombivali East 421201) - Back Side Of Main Bldg. Ground Floor Room No.4,एस.व्ही.जोशी माध्यमिक शाळा (नेहरू रोड डोंबिवली पूर्व ४२१२०१) - मुख्य इमारत मागील बाजू तळमजला खोली क्र.४
143,236,,,S.V.Joshi High School(Nehru Road Dombivali East 421201) - Back Side Of Main Bldg. Ground Floor Room No.5,एस.व्ही.जोशी माध्यमिक शाळा (नेहरू रोड डोंबिवली पूर्व ४२१२०१) - मुख्य इमारत मागील बाजू तळमजला खोली क्र.५
143,237,,,S.V.Joshi High School(Nehru Road Dombivali East 421201) - Back Side Of Main Bldg. Ground Floor Partition,एस.व्ही.जोशी माध्यमिक शाळा (नेहरू रोड डोंबिवली पूर्व ४२१२०१) - मुख्य इमारत मागील बाजू तळमजला पार्टिशन
143,238,,,Blossom English Medium School (Nehru Road Dombivali East 421201) - Ground Floor Room No.1,ब्लॉसम इंग्लिश मिडीयम स्कूल (नेहरू रोड डोंबिवली पूर्व ४२१२०१) - तळमजला खोली क्र.१
143,239,,,Blossom English Medium School (Nehru Road Dombivali East 421201) - Ground Floor Room No.2,ब्लॉसम इंग्लिश मिडीयम स्कूल (नेहरू रोड डोंबिवली पूर्व ४२१२०१) - तळमजला खोली क्र.२
143,240,,,Blossom English Medium School (Nehru Road Dombivali East 421201) - Ground Floor Room No.3,ब्लॉसम इंग्लिश मिडीयम स्कूल (नेहरू रोड डोंबिवली पूर्व ४२१२०१) - तळमजला खोली क्र.३
143,241,,,Blossom English Medium School (Nehru Road Dombivali East 421201) - Ground Floor Room No.4,ब्लॉसम इंग्लिश मिडीयम स्कूल (नेहरू रोड डोंबिवली पूर्व ४२१२०१) - तळमजला खोली क्र.४
143,242,,,Blossom English Medium School (Nehru Road Dombivali East 421201) - New Bldg. Ground Floor Room No.1,ब्लॉसम इंग्लिश मिडीयम स्कूल (नेहरू रोड डोंबिवली पूर्व ४२१२०१) - नवी इमारत तळमजला खोली क्र.१
143,243,,,Blossom English Medium School (Nehru Road Dombivali East 421201) - New Bldg. Ground Floor Room No.2,ब्लॉसम इंग्लिश मिडीयम स्कूल (नेहरू रोड डोंबिवली पूर्व ४२१२०१) - नवी इमारत तळमजला खोली क्र.२
143,244,,,Blossom English Medium School (Nehru Road Dombivali East 421201) - New Bldg. Ground Floor Room No.3,ब्लॉसम इंग्लिश मिडीयम स्कूल (नेहरू रोड डोंबिवली पूर्व ४२१२०१) - नवी इमारत तळमजला खोली क्र.३
143,245,,,Maharashtra Bhushan Dr.Nanasaheb Dharmadhikari Sabhagruha (Chole Gaon Dombivali East 421201) - Ground Floor Partition No.1,महाराष्ट्र भुषण डॉ.श्री.नानासाहेब धर्माधिकारी सभागृह (चोळेगाव डोंबिवली पूर्व ४२१२०१) - तळमजला पार्टीशन क्र.१
143,246,,,Maharashtra Bhushan Dr.Nanasaheb Dharmadhikari Sabhagruha (Chole Gaon Dombivali East 421201) - Ground Floor Partition No.2,महाराष्ट्र भुषण डॉ.श्री.नानासाहेब धर्माधिकारी सभागृह (चोळेगाव डोंबिवली पूर्व ४२१२०१) - तळमजला पार्टीशन क्र.२
143,247,,,Maharashtra Bhushan Dr.Nanasaheb Dharmadhikari Sabhagruha (Chole Gaon Dombivali East 421201) - Ground Floor Partition No.3,महाराष्ट्र भुषण डॉ.श्री.नानासाहेब धर्माधिकारी सभागृह (चोळेगाव डोंबिवली पूर्व ४२१२०१) - तळमजला पार्टीशन क्र.३
143,248,,,Mahila Samiti English School (Chole Gaon Dombivali East 421201) - Ground Floor Room No.1,महिला समिती इंग्लिश स्कूल ( चोळे गाव डोंबिवली पूर्व ४२१२०१) - तळमजला खोली क्र.१
143,249,,,Mahila Samiti English School (Chole Gaon Dombivali East 421201) - Ground Floor Room No.2,महिला समिती इंग्लिश स्कूल ( चोळे गाव डोंबिवली पूर्व ४२१२०१) - तळमजला खोली क्र.२
143,250,,,Mahila Samiti English School (Chole Gaon Dombivali East 421201) - Ground Floor Room No.3,महिला समिती इंग्लिश स्कूल ( चोळे गाव डोंबिवली पूर्व ४२१२०१) - तळमजला खोली क्र.३
143,251,,,Mahila Samiti English School (Chole Gaon Dombivali East 421201) - Ground Floor Room No.4,महिला समिती इंग्लिश स्कूल ( चोळे गाव डोंबिवली पूर्व ४२१२०१) - तळमजला खोली क्र.४
143,252,,,Mahila Samiti English School (Chole Gaon Dombivali East 421201) - Ground Floor Room No.5,महिला समिती इंग्लिश स्कूल ( चोळे गाव डोंबिवली पूर्व ४२१२०१) - तळमजला खोली क्र.५
143,253,,,Mahila Samiti English School (Chole Gaon Dombivali East 421201) - Ground Floor Room No.6,महिला समिती इंग्लिश स्कूल ( चोळे गाव डोंबिवली पूर्व ४२१२०१) - तळमजला खोली क्र.६
143,254,,,Kdmc Bhaji Market Reservation(Mangal Kalash Sankul Cholegaon Dombivali East 421201) - Hall Partition No.01,कडोमपा भाजी मार्केट आरक्षण(मंगल कलश संकुल चोळेगाव डोंबिवली पूर्व ४२१२०१) - हॉल पार्टीशन क्र.१
143,255,,,Kdmc Bhaji Market Reservation(Mangal Kalash Sankul Cholegaon Dombivali East 421201) - Hall Partition No.02,कडोमपा भाजी मार्केट आरक्षण(मंगल कलश संकुल चोळेगाव डोंबिवली पूर्व ४२१२०१) - हॉल पार्टीशन क्र.२
143,256,,,Mahila Samiti English School (Chole Gaon Dombivali East 421201) - Ground Floor Partition Near Main Gate,महिला समिती इंग्लिश स्कूल ( चोळे गाव डोंबिवली पूर्व ४२१२०१) - मुख्य गेटजवळ तळमजला पार्टीशन
143,257,,,Mahila Samiti English School (Chole Gaon Dombivali East 421201) - Tinshed Partition No.1,महिला समिती इंग्लिश स्कूल ( चोळे गाव डोंबिवली पूर्व ४२१२०१) - पत्राशेड पार्टीशन क्र.१
143,258,,,Mahila Samiti English School (Chole Gaon Dombivali East 421201) - Tinshed Partition No.2,महिला समिती इंग्लिश स्कूल ( चोळे गाव डोंबिवली पूर्व ४२१२०१) - पत्राशेड पार्टीशन क्र.२
143,259,,,Mahila Samiti English School (Chole Gaon Dombivali East 421201) - Tinshed Partition No.3,महिला समिती इंग्लिश स्कूल ( चोळे गाव डोंबिवली पूर्व ४२१२०१) - पत्राशेड पार्टीशन क्र.३
143,260,,,Mahila Samiti English School (Chole Gaon Dombivali East 421201) - Stage Partition In The School,महिला समिती इंग्लिश स्कूल ( चोळे गाव डोंबिवली पूर्व ४२१२०१) - शाळेच्या मैदानावरील स्टेज पार्टीशन
143,261,,,Omkar International English School (New Thakurli Road Dombivali East 421201) - Ground Floor Room No.1,ओमकार इंटरनॅशनल इंग्लिश स्कूल(न्यु ठाकुर्ली रोड डोंबिवली पूर्व ४२१२०१) - तळमजला खोली क्र.१
143,262,,,Omkar International English School (New Thakurli Road Dombivali East 421201) - Ground Floor Room No.2,ओमकार इंटरनॅशनल इंग्लिश स्कूल(न्यु ठाकुर्ली रोड डोंबिवली पूर्व ४२१२०१) - तळमजला खोली क्र.२
143,263,,,Omkar International English School (New Thakurli Road Dombivali East 421201) - Ground Floor Hall Partition,ओमकार इंटरनॅशनल इंग्लिश स्कूल(न्यु ठाकुर्ली रोड डोंबिवली पूर्व ४२१२०१) - तळमजला खुले सभागृह पार्टिशन
143,264,,,Shree Mangalmurti Complex (Balaji Nagar Nr Thakurli Station Dombivali East 421201) - A Wing Parking Area Partition No.1,श्री मंगलमूर्ती कॉम्प्लेक्स (बालाजीनगर ठाकुर्ली स्टेशनजवळ डोंबिवली पूर्व - ४२१२०१) - ए विंग वाहनतळ पार्टिशन क्र.१
143,265,,,Shree Mangalmurti Complex (Balaji Nagar Nr Thakurli Station Dombivali East 421201) - A Wing Parking Area Partition No.2,श्री मंगलमूर्ती कॉम्प्लेक्स (बालाजीनगर ठाकुर्ली स्टेशनजवळ डोंबिवली पूर्व - ४२१२०१) - ए विंग वाहनतळ पार्टिशन क्र.२
143,266,,,R.B.T. Vidyalya Hall (Kanchangaon Dombivali East 421201) - Hall Partition No.1 Near School Ground,आर.बी.टी. विद्यालय (कांचनगाव डोंबिवली पूर्व ४२१२०१) - शाळेतील मैदाना जवळील हॉल पार्टिशन क्र.१
143,267,,,R.B.T. Vidyalya Hall (Kanchangaon Dombivali East 421201) - Hall Partition No.2 Near School Ground,आर.बी.टी. विद्यालय (कांचनगाव डोंबिवली पूर्व ४२१२०१) - शाळेतील मैदाना जवळील हॉल पार्टिशन क्र.२
143,268,,,R.B.T. Vidyalya Hall (Kanchangaon Dombivali East 421201) - Old School Ground Floor Room No.1,आर.बी.टी. विद्यालय (कांचनगाव डोंबिवली पूर्व ४२१२०१) - जुनी शाळा तळमजला खोली क्र.१
143,269,,,R.B.T. Vidyalya Hall (Kanchangaon Dombivali East 421201) - Old School Ground Floor Room No.2,आर.बी.टी. विद्यालय (कांचनगाव डोंबिवली पूर्व ४२१२०१) - जुनी शाळा तळमजला खोली क्र.२
143,270,,,R.B.T. Vidyalya Hall (Kanchangaon Dombivali East 421201) - Old School Ground Floor Room No.3,आर.बी.टी. विद्यालय (कांचनगाव डोंबिवली पूर्व ४२१२०१) - जुनी शाळा तळमजला खोली क्र.३
143,271,,,R.B.T. Vidyalya Hall (Kanchangaon Dombivali East 421201) - Old School Ground Floor Room No.4,आर.बी.टी. विद्यालय (कांचनगाव डोंबिवली पूर्व ४२१२०१) - जुनी शाळा तळमजला खोली क्र.४
143,272,,,Greenwood International School (Kanchangaon Dombivali East 421201) - Ground Floor Room No.1,ग्रीनवुड इंटरनॅशनल स्कूल(कांचनगाव डोंबिवली पूर्व ४२१२०१) - तळमजला खोली क्र.१
143,273,,,Greenwood International School (Kanchangaon Dombivali East 421201) - Ground Floor Room No.2,ग्रीनवुड इंटरनॅशनल स्कूल(कांचनगाव डोंबिवली पूर्व ४२१२०१) - तळमजला खोली क्र.२
143,274,,,Greenwood International School (Kanchangaon Dombivali East 421201) - Back Side Tin Shed Partition No.1,ग्रीनवुड इंटरनॅशनल स्कूल(कांचनगाव डोंबिवली पूर्व ४२१२०१) - मागील बाजू पत्राशेड पार्टिशन क्र.१
143,275,,,Greenwood International School (Kanchangaon Dombivali East 421201) - Back Side Tin Shed Partition No.2,ग्रीनवुड इंटरनॅशनल स्कूल(कांचनगाव डोंबिवली पूर्व ४२१२०१) - मागील बाजू पत्राशेड पार्टिशन क्र.२
143,276,,,Greenwood International School (Kanchangaon Dombivali East 421201) - Back Side Tin Shed Partition No.3,ग्रीनवुड इंटरनॅशनल स्कूल(कांचनगाव डोंबिवली पूर्व ४२१२०१) - मागील बाजू पत्राशेड पार्टिशन क्र.३
143,277,,,Greenwood International School (Kanchangaon Dombivali East 421201) - Back Side Tin Shed Partition No.4,ग्रीनवुड इंटरनॅशनल स्कूल(कांचनगाव डोंबिवली पूर्व ४२१२०१) - मागील बाजू पत्राशेड पार्टिशन क्र.४
