Wardno,Partno,From,To,EnglishBoothAddress,MarathiBoothAddress
134,1,,,Z.P.Primary School Pali Room No.1. Tal.Wada. Dist.Palghar. 421303,जिल्हा परिषद प्राथमिक शाळा पाली खोली क्र.1 तालुका वाडा जिल्हा पालघर- 421303
134,2,,,Z.P.Primary School Sapane Khu. Room No.1. Tal.Wada. Dist.Palghar. 421303,जिल्हा परिषद प्राथमिक शाळा सापने खु.खोली क्र.1 तालुका वाडा जिल्हा पालघर- 421303
134,3,,,Z.P.Primary School Sapane Bu. Room No.1. Tal.Wada. Dist.Palghar. 421303,जिल्हा परिषद प्राथमिक शाळा सापने बु. खोली क्र.2 तालुका वाडा जिल्हा पालघर- 421303
134,4,,,Grampanchayat Karanje Community Hall Room No.1. Tal.Wada. Dist.Palghar. 421303,ग्रामपंचायत करांजे. कम्युनिटी हॉल. खोली क्र.1 तालुका वाडा जिल्हा पालघर- 421303
134,5,,,Z.P.Primary School Harosale Room No.1. Tal.Wada. Dist.Palghar. 421303,जिल्हा परिषद प्राथमिक शाळा हरोसाले खोली क्र.1 तालुका वाडा जिल्हा पालघर- 421303
134,6,,,Anganvadi. Ganesh Maidan. Wada.. Tal.Wada. Dist.Palghar. 421303,अंगणवाडी केंद्र गणेशमैदान. वाडा तालुका वाडा जिल्हा पालघर- 421303
134,7,,,Sab Registai Office.Wada.. Tal.Wada. Dist.Palghar. 421303,दुय्य्म निबंधक कार्यालय. वाडा. तालुका वाडा जिल्हा पालघर- 421303
134,8,,,Z.P.Primary School. New Building. (Dagadi) Wada Room No. 1. Tal.Wada. Dist.Palghar. 421303,जिल्हा परिषद प्राथमिक शाळा .नवीन बिल्डीग (दगडी) वाडा खोली क्र.1 तालुका वाडा जिल्हा पालघर- 421303
134,9,,,Z.P.Primary School. New Building. (Dagadi) Wada Room No. 2. Tal.Wada. Dist.Palghar. 421303,जिल्हा परिषद प्राथमिक शाळा .नवीन बिल्डीग (दगडी) वाडा खोली क्र.2 तालुका वाडा जिल्हा पालघर
134,10,,,Nagarpanchayat Office Wada. Ground Floor. Room No. 1. Tal.Wada. Dist.Palghar. 421303,नगर पंचायत कार्यालय वाडा. तळमजला खोली क्र.1 तालुका वाडा जिल्हा पालघर- 421303
134,11,,,Nagarpanchayat Office Wada. Ground Floor. Room No. 2. Tal.Wada. Dist.Palghar. 421303,नगर पंचायत कार्यालय वाडा. तळमजला खोली क्र.2 तालुका वाडा जिल्हा पालघर- 421303
134,12,,,Z.P. Primary Urdu School Wada. Room No. 1. Tal.Wada. Dist.Palghar. 421303,जिल्हा परषद ऊर्दु शाळा. वाडा. खोली क्र.1 तालुका वाडा जिल्हा पालघर- 421303
134,13,,,Z.P.Primary Urdu School Wada Room No.3. Tal.Wada. Dist.Palghar. 421303,जिल्हा परषद ऊर्दु शाळा. वाडा. खोली क्र.3 तालुका वाडा जिल्हा पालघर- 421303
134,14,,,Z.P.Primary Urdu School Wada Room No. 4. Tal.Wada. Dist.Palghar. 421303,जिल्हा परषद ऊर्दु शाळा. वाडा. खोली क्र.4 तालुका वाडा जिल्हा पालघर- 421303
134,15,,,Z.P.Primary Urdu School Wada Room No. 5. Tal.Wada. Dist.Palghar. 421303,जिल्हा परषद ऊर्दु शाळा. वाडा. खोली क्र.5 तालुका वाडा जिल्हा पालघर- 421303
134,16,,,Z.P.Primary Central School Wada Room No.1. Tal.Wada. Dist.Palghar. 421303,जिल्हा परिषद मध्यवर्ती प्राथमिक शाळा . वाडा. खोली क्र. 1 तालुका वाडा जिल्हा पालघर- 421303
134,17,,,Z.P.Primary Central School Wada Room No. 2. Tal.Wada. Dist.Palghar. 421303,जिल्हा परिषद मध्यवर्ती प्राथमिक शाळा . वाडा. खोली क्र. 2 तालुका वाडा जिल्हा पालघर- 421303
134,18,,,Z.P.Primary Central School Wada Room No. 3. Tal.Wada. Dist.Palghar. 421303,जिल्हा परिषद मध्यवर्ती प्राथमिक शाळा . वाडा. खोली क्र. 3 तालुका वाडा जिल्हा पालघर- 421303
134,19,,,Z.P.Primary Central School Wada Room No. 4. Tal.Wada. Dist.Palghar. 421303,जिल्हा परिषद मध्यवर्ती प्राथमिक शाळा . वाडा. खोली क्र. 4 तालुका वाडा जिल्हा पालघर- 421303
134,20,,,Z.P.Primary School Varle Room No.1. Tal.Wada. Dist.Palghar. 421303. Tal.Wada. Dist.Palghar. 421303,जिल्हा परिषद प्राथमिक शाळा . वरले. खोली क्र. 1 तालुका वाडा जिल्हा पालघर- 421303
134,21,,,Z.P. Primary School Sarasohal Room No.1. Tal.Wada. Dist.Palghar. 421303,जिल्हा परिषद प्राथमिक शाळा . सरस ओहोळ. खोली क्र. 1 तालुका वाडा जिल्हा पालघर- 421303
134,22,,,Z.P.Primary School Alman Room No.1. Tal.Wada. Dist.Palghar. 421303,जिल्हा परिषद प्राथमिक शाळा . अलमान. खोली क्र. 1 तालुका वाडा जिल्हा पालघर- 421303
134,23,,,Z.P.Primary School Desai Room No.1. Tal.Wada. Dist.Palghar. 421303,जिल्हा परिषद प्राथमिक शाळा . देसई. खोली क्र. 1 तालुका वाडा जिल्हा पालघर- 421303
134,24,,,Z. P. Primary School Aainshet Room No.1. Tal.Wada. Dist.Palghar. 421303,जिल्हा परिषद प्राथमिक शाळा . ऐनशेत. खोली क्र. 1 तालुका वाडा जिल्हा पालघर- 421303
134,25,,,Z.P.Primary School Gandhre. Room No. 1. Tal.Wada. Dist.Palghar. 421303,जिल्हा परिषद प्राथमिक शाळा . गांधरे. खोली क्र. 1 तालुका वाडा जिल्हा पालघर- 421303
134,26,,,Z.P.Primary School Gandhre. Room No. 2. Tal.Wada. Dist.Palghar. 421303,जिल्हा परिषद प्राथमिक शाळा . गांधरे. खोली क्र. 2 तालुका वाडा जिल्हा पालघर- 421303
134,27,,,Z.P.Primary School Konsai Room No.1. Tal.Wada. Dist.Palghar. 421312,जिल्हा परिषद प्राथमिक शाळा . कोनसई. खोली क्र. 1 तालुका वाडा जिल्हा पालघर- 421312
134,28,,,Z.P.Primary School Jamghar Room No.1. Tal.Wada. Dist.Palghar. 421312,जिल्हा परिषद प्राथमिक शाळा . जामघर. खोली क्र. 1 तालुका वाडा जिल्हा पालघर- 421312
134,29,,,Z.P.Primary School Lakhmapur. Room No.1. Tal.Wada. Dist.Palghar. 421312,जिल्हा परिषद प्राथमिक शाळा . लखमापुर. खोली क्र. 1 तालुका वाडा जिल्हा पालघर- 421312
134,30,,,Z.P.Primary School Nehroli. Room No. 1. Tal.Wada. Dist.Palghar. 421312,जिल्हा परिषद प्राथमिक शाळा . नेहरोली. खोली क्र. 1 तालुका वाडा जिल्हा पालघर- 421312
134,31,,,Z.P.Primary School Nehroli. Room No. 2. Tal.Wada. Dist.Palghar. 421312,जिल्हा परिषद प्राथमिक शाळा . नेहरोली. खोली क्र. 2 तालुका वाडा जिल्हा पालघर- 421312
134,32,,,Z.P.Primary School Sarshi Room No.1. Tal.Wada. Dist.Palghar. 421303,जिल्हा परिषद प्राथमिक शाळा . सारशी. खोली क्र. 1 तालुका वाडा जिल्हा पालघर- 421303
134,33,,,Z.P.Primary School Pimparoli Room No.1. Tal.Wada. Dist.Palghar. 421303,जिल्हा परिषद प्राथमिक शाळा . पिंपरोळी. खोली क्र. 1 तालुका वाडा जिल्हा पालघर- 421303
134,34,,,Z.P.Primary School Tuse Room No.1. Tal.Wada. Dist.Palghar. 421303,जिल्हा परिषद प्राथमिक शाळा . तुसे. खोली क्र. 1 तालुका वाडा जिल्हा पालघर- 421303
134,35,,,Z.P.Primary School Khupari Room No.1. Tal.Wada. Dist.Palghar. 421312,जिल्हा परिषद प्राथमिक शाळा . खुपरी. खोली क्र. 1 तालुका वाडा जिल्हा पालघर- 421312
134,36,,,Z.P.Primary School Khupari Room No.2. Tal.Wada. Dist.Palghar.421312,जिल्हा परिषद प्राथमिक शाळा . खुपरी. खोली क्र. 2 तालुका वाडा जिल्हा पालघर- 421312
134,37,,,Z.P.Primary School Bhudhavali Room No.1. Tal.Wada. Dist.Palghar. 421312,जिल्हा परिषद प्राथमिक शाळा . बुधावली. खोली क्र. 1 तालुका वाडा जिल्हा पालघर- 421312
134,38,,,Z.P.Primary School Gunj Room No.1. Tal.Wada. Dist.Palghar. 421312,जिल्हा परिषद प्राथमिक शाळा . गुंज. खोली क्र. 1 तालुका वाडा जिल्हा पालघर- 421312
134,39,,,Z.P.Primary School Bilavali Room No.1. Tal.Wada. Dist.Palghar.421312,जिल्हा परिषद प्राथमिक शाळा . बिलावली. खोली क्र. 1 तालुका वाडा जिल्हा पालघर- 421312
134,40,,,Z.P.Primary School Dongaste Room No.1. Tal.Wada. Dist.Palghar. 421312,जिल्हा परिषद प्राथमिक शाळा . डोंगस्ते. खोली क्र. 1 तालुका वाडा जिल्हा पालघर- 421312
134,41,,,Z.P.Primary School Vijaygad Room No.1. Tal.Wada. Dist.Palghar. 421312,जिल्हा परिषद प्राथमिक शाळा . विजयगड. खोली क्र. 1 तालुका वाडा जिल्हा पालघर- 421312
134,42,,,Z.P.Primary School Nandni Room No.1. Tal.Wada. Dist.Palghar. 401204,जिल्हा परिषद प्राथमिक शाळा . नांदनी. खोली क्र. 1 तालुका वाडा जिल्हा पालघर- 401204
134,43,,,Z.P.Primary School Ambar Bhui Room No.1. Tal.Wada. 401204Dist.Palghar. 401204,जिल्हा परिषद प्राथमिक शाळा . अंबरभुई. खोली क्र. 1 तालुका वाडा जिल्हा पालघर- 401204
134,44,,,Z.P.Primary School Nimbavali Room No.1. Tal.Wada. Dist.Palghar. 401204,जिल्हा परिषद प्राथमिक शाळा . निंबवली. खोली क्र. 1 तालुका वाडा जिल्हा पालघर- 401204
134,45,,,Z.P.Primary School Gorad Room No.1. Tal.Wada. Dist.Palghar. 401204,जिल्हा परिषद प्राथमिक शाळा . गोराड. खोली क्र. 1 तालुका वाडा जिल्हा पालघर- 401204
134,46,,,Z.P.Primary School Kelthan. Room No. 1. Tal.Wada. Dist.Palghar. 401204,जिल्हा परिषद प्राथमिक शाळा . केलठण. खोली क्र. 1 तालुका वाडा जिल्हा पालघर- 401204
134,47,,,Z.P.Primary School Kelthan. Room No. 2. Tal.Wada. Dist.Palghar. 401204,जिल्हा परिषद प्राथमिक शाळा . केलठण. खोली क्र. 2 तालुका वाडा जिल्हा पालघर- 401204
134,48,,,Z.P.Primary School Musarane Room No.1. Tal.Wada. Dist.Palghar. 421312,जिल्हा परिषद प्राथमिक शाळा . मुसारणे. खोली क्र. 1 तालुका वाडा जिल्हा पालघर- 421312
134,49,,,Z.P.Primary School Chichghar. Room No. 1. Tal.Wada. Dist.Palghar. 421312,जिल्हा परिषद प्राथमिक शाळा . चिंचघर. खोली क्र. 1 तालुका वाडा जिल्हा पालघर- 421312
134,50,,,Z.P.Primary School Chichghar. Room No. 2. Tal.Wada. Dist.Palghar. 421312,जिल्हा परिषद प्राथमिक शाळा . चिंचघर. खोली क्र. 2 तालुका वाडा जिल्हा पालघर- 421312
134,51,,,Z.P.Primary Urdu School Vadavli T.Polbar Room No.1. Tal.Wada. Dist.Palghar. 421312,जिल्हा परिषद उर्दु शाळा . वडवली तर्फे पोलबार. खोली क्र. 1 तालुका वाडा जिल्हा पालघर- 421312
134,52,,,Z.P.Primary Marathi School Vadavli Room No.1. Tal.Wada. Dist.Palghar. 421312,जिल्हा परिषद मराठी शाळा . वडवली तर्फे पोलबार. खोली क्र.1 तालुका वाडा जिल्हा पालघर- 421312
134,53,,,Z.P.Primary School Kudus Room No.1. Tal.Wada. Dist.Palghar. 421312,जिल्हा परिषद प्राथमिक शाळा . कुडुस. खोली क्र. 1 तालुका वाडा जिल्हा पालघर- 421312
134,54,,,Z.P.Primary School Kudus Room No. 2. Tal.Wada. Dist.Palghar. 421312,जिल्हा परिषद प्राथमिक शाळा . कुडुस. खोली क्र. 2 तालुका वाडा जिल्हा पालघर- 421312
134,55,,,Z.P.Primary School Kudus Room No.3. Tal.Wada. Dist.Palghar. 421312,जिल्हा परिषद प्राथमिक शाळा . कुडुस. खोली क्र. 3 तालुका वाडा जिल्हा पालघर- 421312
134,56,,,Z.P.Primary School Kudus Room No.4. Tal.Wada. Dist.Palghar. 421312,जिल्हा परिषद प्राथमिक शाळा . कुडुस. खोली क्र. 4 तालुका वाडा जिल्हा पालघर- 421312
134,57,,,Z.P.Primary School Sapronde Room No.1. Tal.Wada. Dist.Palghar. 421312,जिल्हा परिषद प्राथमिक शाळा . सापरोंडे. खोली क्र. 1 तालुका वाडा जिल्हा पालघर- 421312
134,58,,,Z.P.Primary School Kondhale Room No.1. Tal.Wada. Dist.Palghar. 421312,जिल्हा परिषद प्राथमिक शाळा . कोंडले. खोली क्र. 1 तालुका वाडा जिल्हा पालघर- 421312
134,59,,,Z.P.Primary School Kondhale Room No.2. Tal.Wada. Dist.Palghar. 421312,जिल्हा परिषद प्राथमिक शाळा . कोंडले. खोली क्र. 2 तालुका वाडा जिल्हा पालघर- 421312
134,60,,,Z.P.Primary School Mohatyachapada. Room No.1. Tal.Wada. Dist.Palghar. 421312,जिल्हा परिषद प्राथमिक शाळा . मोहटयाचा पाडा. खोली क्र. 1 तालुका वाडा जिल्हा पालघर- 421312
134,61,,,Z.P.Primary School Mangathane Room No.1. Tal.Wada. Dist.Palghar. 421312,जिल्हा परिषद प्राथमिक शाळा . मांगाठणे. खोली क्र. 1 तालुका वाडा जिल्हा पालघर- 421312
134,62,,,Z.P.Primary School Uchat Room No.1. Tal.Wada. Dist.Palghar. 421312,जिल्हा परिषद प्राथमिक शाळा . उचाट. खोली क्र. 1 तालुका वाडा जिल्हा पालघर- 421312
134,63,,,Z.P.Primary School Nare Room No. 1. Tal.Wada. Dist.Palghar. 421312,जिल्हा परिषद प्राथमिक शाळा . नारे. खोली क्र. 1 तालुका वाडा जिल्हा पालघर- 421312
134,64,,,Z.P.Primary School Met Room No.1. Tal.Wada. Dist.Palghar. 421312,जिल्हा परिषद प्राथमिक शाळा . मेट. खोली क्र. 1 तालुका वाडा जिल्हा पालघर- 421312
134,65,,,Z.P.Primary School Ghonsai Room No.1. Tal.Wada. Dist.Palghar.421312,जिल्हा परिषद प्राथमिक शाळा . घोनसई. खोली क्र. 1 तालुका वाडा जिल्हा पालघर- 421312
134,66,,,New Z.P.Priamry School Dakivali Ground Floor.Room No1.Tal.Wada.Dist.Palghar.401204,नविन जिल्हा परिषद प्राथमिक शाळा . डाकीवली. खोली क्र. 1 तालुका वाडा जिल्हा पालघर- 401204
134,67,,,Z.P.Primary School Lohape. Room No.1. Tal.Wada. Dist.Palghar.401204,जिल्हा परिषद प्राथमिक शाळा . लोहपे. खोली क्र. 1 तालुका वाडा जिल्हा पालघर- 401204
134,68,,,Z.P.Primary School Chambale. Room No. 1. Tal.Wada. Dist.Palghar. 401204,जिल्हा परिषद प्राथमिक शाळा . चांबळे. खोली क्र. 1 तालुका वाडा जिल्हा पालघर- 401204
134,69,,,Z.P.Primary School Akloli. Room No.1. Tal. Bhiwandi. Dist Thane401204,जिल्हा परिषद प्राथमिक शाळा . अकलोली. खोली क्र. 1 तालुका भिंवडी जिल्हा ठाणे- 401204
134,70,,,Z.P.Primary School Akloli. Room No. 2. Tal. Bhiwandi. Dist Thane 401204,जिल्हा परिषद प्राथमिक शाळा .अकलोली . खोली क्र. 2 तालुका भिंवडी जिल्हा ठाणे- 401204
134,71,,,Z.P.Primary School Ganeshpuri Room No.1. Tal. Bhiwandi. Dist Thane 401204,जिल्हा परिषद प्राथमिक शाळा .गणेशपुरी . खोली क्र. 1 तालुका भिंवडी जिल्हा ठाणे- 401204
134,72,,,Z.P.Primary School Ganeshpuri Room No.3. Tal. Bhiwandi. Dist Thane. 401204,जिल्हा परिषद प्राथमिक शाळा .गणेशपुरी . खोली क्र. 2 तालुका भिंवडी जिल्हा ठाणे- 401204
134,73,,,Z.P.Primary School Bhiwali Room No.1. Tal. Bhiwandi. Dist Thane 401204,जिल्हा परिषद प्राथमिक शाळा . भिवाली. खोली क्र. 1 तालुका भिंवडी जिल्हा ठाणे- 401204
134,74,,,Z.P.Primary School Usgaon Room No.1. Tal. Bhiwandi. Dist Thane 401204,जिल्हा परिषद प्राथमिक शाळा . ऊसगांव. खोली क्र. 1 तालुका भिंवडी जिल्हा ठाणे- 401204
134,75,,,Z.P.Primary School Vadvali T.Vajreshwri Partition No. 1. Tal. Bhiwandi. Dist Thane 421302,जिल्हा परिषद प्राथमिक शाळा .वडवली तर्फे वज्रेश्वरी . पार्टीशन न. 1 तालुका भिंवडी जिल्हा ठाणे-421302
134,76,,,Z.P.Primary School Vadvali T.Vajreshwri Partition No. 2. Tal. Bhiwandi. Dist Thane 421302,जिल्हा परिषद प्राथमिक शाळा .वडवली तर्फे वज्रेश्वरी . पार्टीशन न. 2 तालुका भिंवडी जिल्हा ठाणे-421302
134,77,,,Z.P.Primary School Mahalunge Room No.1. Tal. Bhiwandi. Dist Thane 421302,जिल्हा परिषद प्राथमिक शाळा .महाळुंगे . खोली क्र. 1 तालुका भिंवडी जिल्हा ठाणे-421302
134,78,,,Z.P.Primary School Ambadi Room No.1. Tal. Bhiwandi. Dist Thane 421302,जिल्हा परिषद प्राथमिक शाळा . अंबाडी. खोली क्र. 1 तालुका भिंवडी जिल्हा ठाणे-421302
134,79,,,Z.P.Primary School Ambadi Room No.2. Tal. Bhiwandi. Dist Thane 421302,जिल्हा परिषद प्राथमिक शाळा .अंबाडी . खोली क्र. 2 तालुका भिंवडी जिल्हा ठाणे-421302
134,80,,,Z.P.Primary School Chinchavali T. Kunde Room No.1. Tal. Bhiwandi. Dist Thane 421302,जिल्हा परिषद प्राथमिक शाळा . चिंचवली तर्फे कुंदे. खोली क्र. 1 तालुका भिंवडी जिल्हा ठाणे-421302
134,81,,,Z.P.Primary School Eksal-Sagaon. Room. No. 1. Tal. Bhiwandi. Dist Thane 421302,जिल्हा परिषद प्राथमिक शाळा . एकसाल सागांव. खोली क्र. 1 तालुका भिंवडी जिल्हा ठाणे-421302
134,82,,,Z.P.Primary School Eksal-Sagaon. Room. No. 2. Tal. Bhiwandi. Dist Thane 421302,जिल्हा परिषद प्राथमिक शाळा . एकसाल सागांव. खोली क्र. 2 तालुका भिंवडी जिल्हा ठाणे-421302
134,83,,,Z.P.Primary School Kusapur Room No.1. Tal. Bhiwandi. Dist Thane 421302,जिल्हा परिषद प्राथमिक शाळा .कुसापुर . खोली क्र. 1 तालुका भिंवडी जिल्हा ठाणे-421302
134,84,,,Z.P.Primary School Ghadne Room No.1. Tal. Bhiwandi. Dist Thane 421302,जिल्हा परिषद प्राथमिक शाळा .घाडणे . खोली क्र. 1 तालुका भिंवडी जिल्हा ठाणे-421302
134,85,,,Z.P.Primary School Kunde Room No.1. Tal. Bhiwandi. Dist Thane 421302,जिल्हा परिषद प्राथमिक शाळा . कुंदे. खोली क्र. 1 तालुका भिंवडी जिल्हा ठाणे-421302
134,86,,,Z.P.Primary School Dighashi Room No.1. Tal. Bhiwandi. Dist Thane 421302,जिल्हा परिषद प्राथमिक शाळा . दिघाशी. खोली क्र. 1 तालुका भिंवडी जिल्हा ठाणे-421302
134,87,,,Z.P.Primary School Dighashi Room No.2. Tal. Bhiwandi. Dist Thane 421302,जिल्हा परिषद प्राथमिक शाळा . दिघाशी. खोली क्र. 2 तालुका भिंवडी जिल्हा ठाणे-421302
134,88,,,Z.P.Primary School Zidke Room No.1. Tal. Bhiwandi. Dist Thane 421302,जिल्हा परिषद प्राथमिक शाळा .झिडके . खोली क्र. 1 तालुका भिंवडी जिल्हा ठाणे- 421302
134,89,,,Z.P.Primary School Zidke Room No.2. Tal. Bhiwandi. Dist Thane 421302,जिल्हा परिषद प्राथमिक शाळा .झिडके . खोली क्र. 2 तालुका भिंवडी जिल्हा ठाणे- 421302
134,90,,,Z.P.Primary School Vedhe. Room No. 1. Tal. Bhiwandi. Dist Thane 421302,जिल्हा परिषद प्राथमिक शाळा .वेढे . खोली क्र. 1 तालुका भिंवडी जिल्हा ठाणे- 421302
134,91,,,Z.P.Primary School Vedhe. Room No. 2. Tal. Bhiwandi. Dist Thane 421302,जिल्हा परिषद प्राथमिक शाळा .वेढे . खोली क्र. 2 तालुका भिंवडी जिल्हा ठाणे- 421302
134,92,,,Z.P.Primary School Ghotgoan Room No.1. Tal. Bhiwandi. Dist Thane 401204,जिल्हा परिषद प्राथमिक शाळा . घोटगांव. खोली क्र. 1 तालुका भिंवडी जिल्हा ठाणे- 401204
134,93,,,Z.P.Primary School Dugad. Room No. 1. Tal. Bhiwandi. Dist Thane 421302,जिल्हा परिषद प्राथमिक शाळा . दुगाड. खोली क्र. 1 तालुका भिंवडी जिल्हा ठाणे- 421302
134,94,,,Z.P.Primary School Dugad. Room No. 2. Tal. Bhiwandi. Dist Thane 421302,जिल्हा परिषद प्राथमिक शाळा . दुगाड. खोली क्र. 2 तालुका भिंवडी जिल्हा ठाणे- 421302
134,95,,,Z.P.Primary School Asnoli T. Dugad Room No.1. Tal. Bhiwandi. Dist Thane 421302,जिल्हा परिषद प्राथमिक शाळा . अस्नोली तर्फे दुगाड. खोली क्र. 1 तालुका भिंवडी जिल्हा ठाणे- 421302
134,96,,,Z.P.Primary School Varet Room No.1. Tal. Bhiwandi. Dist Thane 421302,जिल्हा परिषद प्राथमिक शाळा .वारेट . खोली क्र. 1 तालुका भिंवडी जिल्हा ठाणे- 421302
134,97,,,Z.P.Primary School Pahare Room No.1. Tal. Bhiwandi. Dist Thane 421302,जिल्हा परिषद प्राथमिक शाळा .पहारे . खोली क्र. 1 तालुका भिंवडी जिल्हा ठाणे- 421302
134,98,,,Z.P.Primary School Dalonde Room No.1. Tal. Bhiwandi. Dist Thane 421302,जिल्हा परिषद प्राथमिक शाळा . दलोंडे. खोली क्र. 1 तालुका भिंवडी जिल्हा ठाणे- 421302
134,99,,,Z.P.Primary School Kharivali Room No.1. Tal. Bhiwandi. Dist Thane 421302,जिल्हा परिषद प्राथमिक शाळा .खरीवली . खोली क्र. 1 तालुका भिंवडी जिल्हा ठाणे- 421302
134,100,,,Z.P.Primary School Shedgoan Room No.1. Tal. Bhiwandi. Dist Thane 421302,जिल्हा परिषद प्राथमिक शाळा . शेडगांव. खोली क्र. 1 तालुका भिंवडी जिल्हा ठाणे- 421302
134,101,,,Z.P.Primary School Asnoli Room No.1. Tal. Bhiwandi. Dist Thane 421302,जिल्हा परिषद प्राथमिक शाळा .अस्नोली . खोली क्र. 1 तालुका भिंवडी जिल्हा ठाणे- 421302
134,102,,,Z.P.Primary School Base Room No.1. Tal. Bhiwandi. Dist Thane 421302,जिल्हा परिषद प्राथमिक शाळा . बासे. खोली क्र. 1 तालुका भिंवडी जिल्हा ठाणे- 421302
134,103,,,Z.P.Primary School Kandali Bu. Room No.1. Tal. Bhiwandi. Dist Thane 421302,जिल्हा परिषद प्राथमिक शाळा .कांदळी बु. . खोली क्र. 1 तालुका भिंवडी जिल्हा ठाणे- 421302
134,104,,,Z.P.Primary School Mainde Room No.1. Tal. Bhiwandi. Dist Thane 421302,जिल्हा परिषद प्राथमिक शाळा . मैंदे. खोली क्र. 1 तालुका भिंवडी जिल्हा ठाणे- 421302
134,105,,,New Building Anganwadi Umberkhand Room No.1. Tal. Bhiwandi. Dist Thane 421302,जिल्हा परिषद प्राथमिक शाळा . उंबरखांड. खोली क्र. 1 तालुका भिंवडी जिल्हा ठाणे- 421302
134,106,,,Z.P.Primary School Jambhivali T. Kunde Room No.1. Tal. Bhiwandi. Dist Thane 421302,जिल्हा परिषद प्राथमिक शाळा . जाभिवली त. कुंदे. खोली क्र. 1 तालुका भिंवडी जिल्हा ठाणे- 421302
134,107,,,Z.P.Primary School Pachhapur Room No.1. Tal. Bhiwandi. Dist Thane 421302,जिल्हा परिषद प्राथमिक शाळा .पाच्छापुर . खोली क्र. 1 तालुका भिंवडी जिल्हा ठाणे- 421302
134,108,,,Z.P.Primary School Shirole Room No.1. Tal. Bhiwandi. Dist Thane 421302,जिल्हा परिषद प्राथमिक शाळा .शिरेाळे . खोली क्र. 1 तालुका भिंवडी जिल्हा ठाणे- 421302
134,109,,,Z.P.Primary School Dabhad. Room No. 1. Tal. Bhiwandi. Dist Thane 421302,जिल्हा परिषद प्राथमिक शाळा .दाभाड. खोली क्र. 1 तालुका भिंवडी जिल्हा ठाणे- 421302
134,110,,,Z.P.Primary School Dabhad. Room No. 2. Tal. Bhiwandi. Dist Thane 421302,जिल्हा परिषद प्राथमिक शाळा .दाभाड. खोली क्र. 2 तालुका भिंवडी जिल्हा ठाणे- 421302
134,111,,,Z.P.Primary School Jambhivali T. Khambale. Room No.1. Tal. Bhiwandi. Dist Thane,जिल्हा परिषद प्राथमिक शाळा . जांभिवली त. खंबाळे. खोली क्र. 1 तालुका भिंवडी जिल्हा ठाणे-421302
134,112,,,Z.P.Primary School Chane Room No.1. Tal. Bhiwandi. Dist Thane 421302,जिल्हा परिषद प्राथमिक शाळा . चाणे. खोली क्र. 1 तालुका भिंवडी जिल्हा ठाणे-421302
134,113,,,Z.P.Primary School Kiravali-Duravali Room No.1. Tal. Bhiwandi. Dist Thane 421302,जिल्हा परिषद प्राथमिक शाळा . किरवली-दुरवली. खोली क्र. 1 तालुका भिंवडी जिल्हा ठाणे
134,114,,,Z.P.Primary School Awale Room No.1. Tal. Bhiwandi. Dist Thane 421302,जिल्हा परिषद प्राथमिक शाळा .आवळे . खोली क्र. 1 तालुका भिंवडी जिल्हा ठाणे-421302
134,115,,,Z.P.Primary School Vishwagad Room No.1. Tal. Bhiwandi. Dist Thane 421302,जिल्हा परिषद प्राथमिक शाळा . विश्वगड. खोली क्र. 1 तालुका भिंवडी जिल्हा ठाणे-421302
134,116,,,Z.P.Primary School Palkhane Room No.1. Tal. Bhiwandi. Dist Thane 421302,जिल्हा परिषद प्राथमिक शाळा . पालखणे. खोली क्र. 1 तालुका भिंवडी जिल्हा ठाणे-421302
134,117,,,Z.P.Primary School Wawli Room No.1. Tal. Bhiwandi. Dist Thane 421302,जिल्हा परिषद प्राथमिक शाळा . वावली. खोली क्र. 1 तालुका भिंवडी जिल्हा ठाणे-421302
134,118,,,Z.P.Primary School Malbidi Room No.1. Tal. Bhiwandi. Dist Thane 421302,जिल्हा परिषद प्राथमिक शाळा . मालबिडी . खोली क्र. 1 तालुका भिंवडी जिल्हा ठाणे-421302
134,119,,,Z.P.Primary School Mohili Room No.1. Tal. Bhiwandi. Dist Thane 421302,जिल्हा परिषद प्राथमिक शाळा . मोहीली . खोली क्र. 1 तालुका भिंवडी जिल्हा ठाणे-421302
134,120,,,Z.P.Primary School Depoli Room No.1. Tal. Bhiwandi. Dist Thane 421302,जिल्हा परिषद प्राथमिक शाळा .देपोली . खोली क्र. 1 तालुका भिंवडी जिल्हा ठाणे-421302
134,121,,,Z. P. Primary School. Khadki Khu Room No.1. Tal. Bhiwandi. Dist Thane 421302,जिल्हा परिषद प्राथमिक शाळा . खडकी खुर्द . खोली क्र. 1 तालुका भिंवडी जिल्हा ठाणे-421302
134,122,,,Z. P. Primary School. Pimpalshet-Bhuishet Room No.1. Tal. Bhiwandi. Dist Thane 421302,जिल्हा परिषद प्राथमिक शाळा . पिंपळशेत-भुईशेत . खोली क्र. 1 तालुका भिंवडी जिल्हा ठाणे-421302
134,123,,,Z.P.Primary School Kuhe Room No.1. Tal. Bhiwandi. Dist Thane 421302,जिल्हा परिषद प्राथमिक शाळा .कुहे खोली क्र. 1 तालुका भिंवडी जिल्हा ठाणे-421302
134,124,,,Shashkiya Ashram School Chimbi Pada Room No.1. Tal. Bhiwandi. Dist Thane 421302,शासकीय आश्रम शाळा .चिंबीपाडा . खोली क्र. 1 तालुका भिंवडी जिल्हा ठाणे-421302
134,125,,,Z.P.Primary School Pilanze Khu Room No.1. Tal. Bhiwandi. Dist Thane 421302,जिल्हा परिषद प्राथमिक शाळा . पिळंझे खुर्द . खोली क्र. 1 तालुका भिंवडी जिल्हा ठाणे-421302
134,126,,,Z.P.Primary School Sakharoli Room No.1. Tal. Bhiwandi. Dist Thane 421302,जिल्हा परिषद प्राथमिक शाळा .साखरोली . खोली क्र. 1 तालुका भिंवडी जिल्हा ठाणे-421302
134,127,,,Z.P.Primary School Nandithane Room No.1. Tal. Bhiwandi. Dist Thane 421302,जिल्हा परिषद प्राथमिक शाळा . नांदिठणे . खोली क्र. 1 तालुका भिंवडी जिल्हा ठाणे-421302
134,128,,,Z.P.Primary School Dhonda Vadavali Room No.1. Tal. Bhiwandi. Dist Thane 421302,जिल्हा परिषद प्राथमिक शाळा . धोंडा-वडवली . खोली क्र. 1 तालुका भिंवडी जिल्हा ठाणे-421302
134,129,,,Z.P.Primary Urdu School Mhapoli. Room No. 1. Tal. Bhiwandi. Dist Thane 421302,जिल्हा परिषद उर्दु शाळा . महापोली . खोली क्र. 1 तालुका भिंवडी जिल्हा ठाणे-421302
134,130,,,Z.P.Primary Urdu School Mhapoli. Room No. 2. Tal. Bhiwandi. Dist Thane 421302,जिल्हा परिषद उर्दु शाळा. महापोली . खोली क्र. 2 तालुका भिंवडी जिल्हा ठाणे-421302
134,131,,,Z.P.Anganwadi. Mhapoli. Room No. 1. Tal. Bhiwandi. Dist Thane 421302,जिल्हा परिषद अंगणवाडी. महापोली . खोली क्र.1 तालुका भिंवडी जिल्हा ठाणे-421302
134,132,,,Z.P.Primary Urdu School Mhapoli Room No. 4. Tal. Bhiwandi. Dist Thane,जिल्हा परिषद उर्दु शाळा. महापोली . खोली क्र. 4 तालुका भिंवडी जिल्हा ठाणे-421302
134,133,,,Z.P.Primary School Hiwali Room No.1. Tal. Bhiwandi. Dist Thane 421302,जिल्हा परिषद प्राथमिक शाळा . हीवाली . खोली क्र. 1 तालुका भिंवडी जिल्हा ठाणे-421302
134,134,,,Z.P.Primary School Koshimbe Room No.1. Tal. Bhiwandi. Dist Thane 421302,जिल्हा परिषद प्राथमिक शाळा . केाशिंबे . खोली क्र. 1 तालुका भिंवडी जिल्हा ठाणे-421302
134,135,,,Z.P.Primary School Kushivali Room No.1. Tal. Bhiwandi. Dist Thane 421302,जिल्हा परिषद प्राथमिक शाळा . कुशिवली . खोली क्र. 1 तालुका भिंवडी जिल्हा ठाणे-421302
134,136,,,Z.P.Primary School Khambale Room No.1. Tal. Bhiwandi. Dist Thane 421302,जिल्हा परिषद प्राथमिक शाळा . खंबाळे . खोली क्र. 1 तालुका भिंवडी जिल्हा ठाणे-421302
134,137,,,Z.P.Primary School Mohandul Room No.1. Tal. Bhiwandi. Dist Thane 421302,जिल्हा परिषद प्राथमिक शाळा . मोहंडूळ. खोली क्र. 1 तालुका भिंवडी जिल्हा ठाणे-421302
134,138,,,Z.P.Primary School Khanivali Room No.1. Tal. Bhiwandi. Dist Thane 421302,जिल्हा परिषद प्राथमिक शाळा . खानिवली. खोली क्र. 1 तालुका भिंवडी जिल्हा ठाणे-421302
134,139,,,Z.P.Primary School Kasane Room No.1. Tal. Bhiwandi. Dist Thane 421302,जिल्हा परिषद प्राथमिक शाळा . कासणे. खोली क्र. 1 तालुका भिंवडी जिल्हा ठाणे-421302
134,140,,,Z.P.Primary School Talvali T. Rahur Room No.1. Tal. Bhiwandi. Dist Thane 421302,जिल्हा परिषद प्राथमिक शाळा .तळवळी त. राहुर . खोली क्र. 1 तालुका भिंवडी जिल्हा ठाणे-421302
134,141,,,Z.P.Primary School Vadvali T.Rahur. Room No. 1. Tal. Bhiwandi. Dist Thane 421302,जिल्हा परिषद प्राथमिक शाळा .वडवली त. राहुर . खोली क्र. 1 तालुका भिंवडी जिल्हा ठाणे-421302
134,142,,,Z.P.Primary School Vadvali T.Rahur. Room No. 2. Tal. Bhiwandi. Dist Thane 421302,जिल्हा परिषद प्राथमिक शाळा .वडवली त. राहुर . खोली क्र. 2 तालुका भिंवडी जिल्हा ठाणे-421302
134,143,,,Z.P.Primary School Bhokari Room No.1. Tal. Bhiwandi. Dist Thane 421302,जिल्हा परिषद प्राथमिक शाळा . भोकरी. खोली क्र. 1 तालुका भिंवडी जिल्हा ठाणे-421302
134,144,,,Z.P.Primary School Karanjoti Room No.1. Tal. Bhiwandi. Dist Thane 421302,जिल्हा परिषद प्राथमिक शाळा . करंजोटी. खोली क्र. 1 तालुका भिंवडी जिल्हा ठाणे-421302
134,145,,,Z.P.Primary School Rahur Room No.1. Tal. Bhiwandi. Dist Thane 421302,जिल्हा परिषद प्राथमिक शाळा .राहुर . खोली क्र. 1 तालुका भिंवडी जिल्हा ठाणे-421302
134,146,,,D.D.Patil High School Lap Bu.Room No.1. Tal. Bhiwandi. Dist Thane 421302,डी.डी.पाटील माध्यमिक विद्यालय . लाप बु.. खोली क्र. 1 तालुका भिंवडी जिल्हा ठाणे-421302
134,147,,,Z.P.Primary School Lap Khu Room No.1. Tal. Bhiwandi. Dist Thane 421302,जिल्हा परिषद प्राथमिक शाळा .लाप खु. . खोली क्र. 1 तालुका भिंवडी जिल्हा ठाणे-421302
134,148,,,Z.P.Primary School Avalvate Room No.1. Tal. Bhiwandi. Dist Thane 421302,जिल्हा परिषद प्राथमिक शाळा .आवळवटे . खोली क्र. 1 तालुका भिंवडी जिल्हा ठाणे-421302
134,149,,,Z.P.Primary School Bhare Room No.1. Tal. Bhiwandi. Dist Thane,जिल्हा परिषद प्राथमिक शाळा .भरे . खोली क्र. 1 तालुका भिंवडी जिल्हा ठाणे-421302
134,150,,,Z.P.Primary School Chave Room No.1. Tal. Bhiwandi. Dist Thane 421302,जिल्हा परिषद प्राथमिक शाळा .चावे. खोली क्र. 1 तालुका भिंवडी जिल्हा ठाणे-421302
134,151,,,Z.P.Primary School Lamaj Room No.1. Tal. Bhiwandi. Dist Thane 421302,जिल्हा परिषद प्राथमिक शाळा . लामज. खोली क्र. 1 तालुका भिंवडी जिल्हा ठाणे-421302
134,152,,,Z.P.Primary School Supegoan Room No.1. Tal. Bhiwandi. Dist Thane 421302,जिल्हा परिषद प्राथमिक शाळा .सुपेगांव . खोली क्र. 1 तालुका भिंवडी जिल्हा ठाणे-421302
134,153,,,Z.P.Primary School Pilanze Bu. Room No.1. Tal. Bhiwandi. Dist Thane 421302,जिल्हा परिषद प्राथमिक शाळा . पिळंझे बु.. खोली क्र. 1 तालुका भिंवडी जिल्हा ठाणे-421302
134,154,,,Z.P.Primary School Paye Room No.1. Tal. Bhiwandi. Dist Thane 421302,जिल्हा परिषद प्राथमिक शाळा . पाये गांव. खोली क्र. 1 तालुका भिंवडी जिल्हा ठाणे-421302
134,155,,,Z.P.Primary School Brahmanpada Room No.1. Tal. Bhiwandi. Dist Thane 421302,जिल्हा परिषद प्राथमिक शाळा .ब्राम्हणपाडा . खोली क्र. 1 तालुका भिंवडी जिल्हा ठाणे-421302
134,156,,,Z.P.Primary School Paygaon. Room No. 1. Tal. Bhiwandi. Dist Thane 421302,जिल्हा परिषद प्राथमिक शाळा .पायगांव . खोली क्र. 1 तालुका भिंवडी जिल्हा ठाणे-421302
134,157,,,Z.P.Primary School Paygaon. Room No. 2. Tal. Bhiwandi. Dist Thane 421302,जिल्हा परिषद प्राथमिक शाळा .पायगांव . खोली क्र. 2 तालुका भिंवडी जिल्हा ठाणे-421302
134,158,,,Z.P.Primary School Palivali. Room No.1 . Tal. Bhiwandi. Dist Thane 421302,जिल्हा परिषद प्राथमिक शाळा . पालीवली. खोली क्र. 1 तालुका भिंवडी जिल्हा ठाणे-421302
134,159,,,Z.P.Primary School Palivali. Room No.2 . Tal. Bhiwandi. Dist Thane 421302,जिल्हा परिषद प्राथमिक शाळा . पालीवली. खोली क्र. 2 तालुका भिंवडी जिल्हा ठाणे-421302
134,160,,,Z.P.Primary School Lakhiwali. Room No. 1. Tal. Bhiwandi. Dist Thane 421302,जिल्हा परिषद प्राथमिक शाळा . लाखिवली. खोली क्र. 1 तालुका भिंवडी जिल्हा ठाणे-421302
134,161,,,Z.P.Primary School Lakhiwali. Room No. 2. Tal. Bhiwandi. Dist Thane 421302,जिल्हा परिषद प्राथमिक शाळा . लाखिवली. खोली क्र. 2 तालुका भिंवडी जिल्हा ठाणे-421302
134,162,,,Z.P.Primary School Alkhivali Room No.1. Tal. Bhiwandi. Dist Thane 421302,जिल्हा परिषद प्राथमिक शाळा .अलखिवली . खोली क्र. 1 तालुका भिंवडी जिल्हा ठाणे-421302
134,163,,,Z.P.Primary School Kawad Khu. Room No.1. Tal. Bhiwandi. Dist Thane 421302,जिल्हा परिषद प्राथमिक शाळा . कवाड खु.. खोली क्र. 1 तालुका भिंवडी जिल्हा ठाणे-421302
134,164,,,Z.P.Primary School Kawad Khu. Room No. 3 . Tal. Bhiwandi. Dist Thane 421302,जिल्हा परिषद प्राथमिक शाळा . कवाड खु.. खोली क्र. 3 तालुका भिंवडी जिल्हा ठाणे-421302
134,165,,,Z.P.Primary School Kawad Khu. Room No. 5. Tal. Bhiwandi. Dist Thane 421302,जिल्हा परिषद प्राथमिक शाळा . कवाड खु.. खोली क्र. 5 तालुका भिंवडी जिल्हा ठाणे-421302
134,166,,,Z.P.Primary School Angaon Room No.1. Tal. Bhiwandi. Dist Thane 421302,जिल्हा परिषद प्राथमिक शाळा .अनगाव . खोली क्र. 1 तालुका भिंवडी जिल्हा ठाणे-421302
134,167,,,Z.P.Primary School Angaon Room No.2. Tal. Bhiwandi. Dist Thane 421302,जिल्हा परिषद प्राथमिक शाळा .अनगाव . खोली क्र. 2 तालुका भिंवडी जिल्हा ठाणे -421302
134,168,,,Z.P.Primary School Angaon Room No.3. Tal. Bhiwandi. Dist Thane 421302,जिल्हा परिषद प्राथमिक शाळा .अनगाव . खोली क्र. 3 तालुका भिंवडी जिल्हा ठाणे-421302
134,169,,,Z.P.Primary School Niwali Room No.1. Tal. Bhiwandi. Dist Thane 421302,जिल्हा परिषद प्राथमिक शाळा .निवळी . खोली क्र. 1 तालुका भिंवडी जिल्हा ठाणे-421302
134,170,,,Z.P.Primary School Pundas Room No.1. Tal. Bhiwandi. Dist Thane 421302,जिल्हा परिषद प्राथमिक शाळा .पुंडास . खोली क्र. 1 तालुका भिंवडी जिल्हा ठाणे-421302
134,171,,,Z.P.Primary School Chinchavali T. Sonale. Room No.1. Tal. Bhiwandi. Dist Thane 421302,जिल्हा परिषद प्राथमिक शाळा . चिंचवली तर्फे सोनाळे. खोली क्र. 1 तालुका भिंवडी जिल्हा ठाणे-421302
134,172,,,Z.P.Primary School Murhe Room No.1. Tal. Bhiwandi. Dist Thane 421302,जिल्हा परिषद प्राथमिक शाळा .मु-हे . खोली क्र. 1 तालुका भिंवडी जिल्हा ठाणे-421302
134,173,,,Z.P.Primary School Khaling Bu. Room No.1. Tal. Bhiwandi. Dist Thane 421302,जिल्हा परिषद प्राथमिक शाळा . खालिंग बु.. खोली क्र. 1 तालुका भिंवडी जिल्हा ठाणे-421302
134,174,,,Z.P.Primary School Dohale Room No.1. Tal. Bhiwandi. Dist Thane 421302,जिल्हा परिषद प्राथमिक शाळा . डोहाळे. खोली क्र. 1 तालुका भिंवडी जिल्हा ठाणे-421302
134,175,,,Z.P.Primary School Kandali Room No.1. Tal. Bhiwandi. Dist Thane 421302,जिल्हा परिषद प्राथमिक शाळा . कांदळी. खोली क्र. 1 तालुका भिंवडी जिल्हा ठाणे-421302
134,176,,,Z.P.Primary School Koshimbi Room No.1. Tal. Bhiwandi. Dist Thane 421302,जिल्हा परिषद प्राथमिक शाळा . कोशिंबी. खोली क्र. 1 तालुका भिंवडी जिल्हा ठाणे-421302
134,177,,,Z.P.Primary School Kalamboli Room No.1. Tal. Bhiwandi. Dist Thane 421302,जिल्हा परिषद प्राथमिक शाळा . कळंबोळी. खोली क्र. 1 तालुका भिंवडी जिल्हा ठाणे-421302
134,178,,,Z.P.Primary Urdu School Borivali T.Rahur. (New Colony) Ground Flr. Room No. 1. Tal. Bhiwandi. Dist Thane 421302,जिल्हा परिषद प्राथमिक शाळा . बोरीवली त. राहुर. (नवीन वसाहत) तळमजला. खोली क्र. 1 तालुका भिंवडी जिल्हा ठाणे-421302
134,179,,,Z.P.Primary Urdu School Borivali T.Rahur. (New Colony) Ground Flr. Room No. 2. Tal. Bhiwandi. Dist Thane 421302,जिल्हा परिषद प्राथमिक शाळा . बोरीवली त. राहुर. (नवीन वसाहत) तळमजला. खोली क्र. 2 तालुका भिंवडी जिल्हा ठाणे-421302
134,180,,,K.M.E.Society High School &College Borivali T.Rahur.Ground Floor.Room No1Talbhiwandidist.Thane421302,के.एम.इ.सोसायटी हायस्कुल ॲन्ड कॉलेज बोरीवली तळमजला खोली क्र.1 तालुका भिंवडी जिल्हा ठाणे-421302
134,181,,,K.M.E.Society High School &College Borivali T.Rahur.Ground Floor.Room No2Talbhiwandidist.Thane421302,के.एम.इ.सोसायटी हायस्कुल ॲन्ड कॉलेज बोरीवली तळमजला खोली क्र.2 तालुका भिंवडी जिल्हा ठाणे-421302
134,182,,,Z.P.Primary School Padghe Room No.1 Padghe. Tal. Bhiwandi. Dist Thane 421302,जिल्हा परिषद प्राथमिक शाळा . पडघे. खोली क्र. 1 तालुका भिंवडी जिल्हा ठाणे
134,183,,,Z.P.Primary School Padghe Room No. 2. Tal. Bhiwandi. Dist Thane 421302,जिल्हा परिषद प्राथमिक शाळा . पडघे. खोली क्र. 2 तालुका भिंवडी जिल्हा ठाणे-421302
134,184,,,Z.P.Primary School Padghe Room No.3. Tal. Bhiwandi. Dist Thane 421302,जिल्हा परिषद प्राथमिक शाळा . पडघे. खोली क्र. 3 तालुका भिंवडी जिल्हा ठाणे-421302
134,185,,,Z.P.Primary School Padghe Room No. 4. Tal. Bhiwandi. Dist Thane 421302,जिल्हा परिषद प्राथमिक शाळा . पडघे. खोली क्र. 4 तालुका भिंवडी जिल्हा ठाणे-421302
134,186,,,Z.P.Primary School Vaphale Room No.1. Tal. Bhiwandi. Dist Thane 421302,जिल्हा परिषद प्राथमिक शाळा .वाफाळे . खोली क्र. 1 तालुका भिंवडी जिल्हा ठाणे-421302
134,187,,,Z.P.Primary School Vaphale Room No.2. Tal. Bhiwandi. Dist Thane 421302,जिल्हा परिषद प्राथमिक शाळा . वाफाळे. खोली क्र. 2 तालुका भिंवडी जिल्हा ठाणे-421302
134,188,,,Z.P.Primary School Kurund Room No.1. Tal. Bhiwandi. Dist Thane 421302,जिल्हा परिषद प्राथमिक शाळा .कुरुंद . खोली क्र. 1 तालुका भिंवडी जिल्हा ठाणे-421302
134,189,,,Z.P.Primary School Kurund Room No.2. Tal. Bhiwandi. Dist Thane 421302,जिल्हा परिषद प्राथमिक शाळा . कुरुंद. खोली क्र. 2 तालुका भिंवडी जिल्हा ठाणे-421302
134,190,,,Z.P.Primary School Vahuli Room No.1. Tal. Bhiwandi. Dist Thane 421302,जिल्हा परिषद प्राथमिक शाळा . वाहुली. खोली क्र. 1 तालुका भिंवडी जिल्हा ठाणे-421302
134,191,,,Z.P.Primary School Vadpe Room No.1. Tal. Bhiwandi. Dist Thane 421302,जिल्हा परिषद प्राथमिक शाळा .वडपे . खोली क्र. 1 तालुका भिंवडी जिल्हा ठाणे-421302
134,192,,,Z.P.Primary School Khandpe Room No.1. Tal. Bhiwandi. Dist Thane 421302,जिल्हा परिषद प्राथमिक शाळा . खांडपे. खोली क्र. 1 तालुका भिंवडी जिल्हा ठाणे-421302
134,193,,,Z.P.Primary School Dhamangaon Room No.1. Tal. Bhiwandi. Dist Thane 421302,जिल्हा परिषद प्राथमिक शाळा . धामणगांव. खोली क्र. 1 तालुका भिंवडी जिल्हा ठाणे-421302
134,194,,,Z.P.Primary School Kashivali Room No.1. Tal. Bhiwandi. Dist Thane 421302,जिल्हा परिषद प्राथमिक शाळा .कशिवली . खोली क्र. 1 तालुका भिंवडी जिल्हा ठाणे-421302
134,195,,,Z.P.Primary School Waghiwali Room No.1. Tal. Bhiwandi. Dist Thane 421302,जिल्हा परिषद प्राथमिक शाळा .वाघिवली . खोली क्र. 1 तालुका भिंवडी जिल्हा ठाणे- 421302
134,196,,,Z.P. Primary School Borpada Room No.1. Tal. Bhiwandi. Dist Thane 421302,जिल्हा परिषद प्राथमिक शाळा . बेारपाडा. खोली क्र. 1 तालुका भिंवडी जिल्हा ठाणे- 421302
134,197,,,Z.P.Primary School Parivali. Room No. 1. Tal. Bhiwandi. Dist Thane 421302,जिल्हा परिषद प्राथमिक शाळा .पारीवली . खोली क्र. 1 तालुका भिंवडी जिल्हा ठाणे- 421302
134,198,,,Z.P.Primary School Parivali. Room No. 2. Tal. Bhiwandi. Dist Thane 421302,जिल्हा परिषद प्राथमिक शाळा . पारीवली. खोली क्र. 2 तालुका भिंवडी जिल्हा ठाणे- 421302
134,199,,,Z.P.Primary School Kolivali Room No.1. Tal. Bhiwandi. Dist Thane 421302,जिल्हा परिषद प्राथमिक शाळा . कोलीवली. खोली क्र. 1 तालुका भिंवडी जिल्हा ठाणे- 421302
134,200,,,Z.P.Primary School Tembhavali Room No.1. Tal. Bhiwandi. Dist Thane 421302,जिल्हा परिषद प्राथमिक शाळा .टेंभिवली . खोली क्र. 1 तालुका भिंवडी जिल्हा ठाणे- 421302
134,201,,,Z.P.Primary School Malodi Room No.1. Tal. Bhiwandi. Dist Thane 421302,जिल्हा परिषद प्राथमिक शाळा . मालोडी. खोली क्र. 1 तालुका भिंवडी जिल्हा ठाणे- 421302
134,202,,,Z.P.Primary School Kharbav Room No.1. Tal. Bhiwandi. Dist Thane 421302,जिल्हा परिषद प्राथमिक शाळा .खारबाव . खोली क्र. 1 तालुका भिंवडी जिल्हा ठाणे-421302
134,203,,,Z.P.Primary School Kharbav Room No. 2. Tal. Bhiwandi. Dist Thane 421302,जिल्हा परिषद प्राथमिक शाळा .खारबाव . खोली क्र. 2 तालुका भिंवडी जिल्हा ठाणे-421302
134,204,,,Z.P.Primary School Kharbav Room No. 4. Tal. Bhiwandi. Dist Thane 421302,जिल्हा परिषद प्राथमिक शाळा .खारबाव . खोली क्र. 4 तालुका भिंवडी जिल्हा ठाणे-421302
134,205,,,Z.P.Primary School Junandurkhi Room No.1. Tal. Bhiwandi. Dist Thane421302,जिल्हा परिषद प्राथमिक शाळा . जु-नांदुर्खी. खोली क्र. 1 तालुका भिंवडी जिल्हा ठाणे-421302
134,206,,,Z.P.Primary School Junandurkhi Room No.2. Tal. Bhiwandi. Dist Thane 421302,जिल्हा परिषद प्राथमिक शाळा . जु-नांदुर्खी. खोली क्र. 2 तालुका भिंवडी जिल्हा ठाणे-421302
134,207,,,Z.P.Primary School Kambe Samajgrugha Room No.1. Tal. Bhiwandi. Dist Thane 421302,जिल्हा परिषद प्राथमिक शाळा .कांबे समाजगéह. खोली क्र. 1 तालुका भिंवडी जिल्हा ठाणे- 421302
134,208,,,Z.P.Primary School Kambe . Room No. 1. Tal. Bhiwandi. Dist Thane 421302,जिल्हा परिषद प्राथमिक शाळा .कांबे . खोली क्र. 1 तालुका भिंवडी जिल्हा ठाणे- 421302
134,209,,,Z.P.Primary School Kambe Room No.2 . Tal. Bhiwandi. Dist Thane 421302,जिल्हा परिषद प्राथमिक शाळा .कांबे . खोली क्र. 2 तालुका भिंवडी जिल्हा ठाणे- 421302
134,210,,,Z.P.Primary School Kukase Room No.1. Tal. Bhiwandi. Dist Thane 421302,जिल्हा परिषद प्राथमिक शाळा .कुकसे . खोली क्र. 1 तालुका भिंवडी जिल्हा ठाणे- 421302
134,211,,,Z.P.Primary School Kukase. New Building Room No.1. Tal. Bhiwandi. Dist Thane 421302,जिल्हा परिषद प्राथमिक शाळा .( नवीन वसाहत). खोली क्र. 2.कुकसे तालुका भिंवडी जिल्हा ठाणे- 421302
134,212,,,Z.P.Primary School Sape Room No.1. Tal. Bhiwandi. Dist Thane 421302,जिल्हा परिषद प्राथमिक शाळा . सापे. खोली क्र. 1 तालुका भिंवडी जिल्हा ठाणे-421302
134,213,,,Z.P.Primary Urdu School Talawali T.Arjunali. Room No. 1. Tal. Bhiwandi. Dist Thane 421302,जिल्हा परिषद उर्दु शाळा . तळवळी त. सोनाळे. खोली क्र. 1 तालुका भिंवडी जिल्हा ठाणे-421302
134,214,,,Z.P.Primary Urdu School Talawali T.Arjunali. Room No. 2. Tal. Bhiwandi. Dist Thane 421302,जिल्हा परिषद उर्दु शाळा . तळवळी त. सोनाळे. खोली क्र. 2 तालुका भिंवडी जिल्हा ठाणे-421302
134,215,,,Z.P.Primary Arjunali Room No.1. Tal. Bhiwandi. Dist Thane 421302,जिल्हा परिषद प्राथमिक शाळा .अर्जुनली . खोली क्र. 1 तालुका भिंवडी जिल्हा ठाणे-421302
134,216,,,Z.P.Primary School Bhadane. Room No. 1. Tal. Bhiwandi. Dist Thane 421302,जिल्हा परिषद प्राथमिक शाळा . भादाणे. खोली क्र. 1 तालुका भिंवडी जिल्हा ठाणे-421302
134,217,,,Z.P.Primary School Bhadane. Room No. 2. Tal. Bhiwandi. Dist Thane 421302,जिल्हा परिषद प्राथमिक शाळा . भादाणे. खोली क्र. 2 तालुका भिंवडी जिल्हा ठाणे-421302
134,218,,,Z.P.Primary School Anhe Room No.1. Tal. Bhiwandi. Dist Thane421302,जिल्हा परिषद प्राथमिक शाळा . आन्हे. खोली क्र. 1 तालुका भिंवडी जिल्हा ठाणे-421302
134,219,,,Z.P.Primary School Sor Room No.1. Tal. Bhiwandi. Dist Thane 421302,जिल्हा परिषद प्राथमिक शाळा . सोर. खोली क्र. 1 तालुका भिंवडी जिल्हा ठाणे-421302
134,220,,,Z.P.Primary School Vandre Room No.1. Tal. Bhiwandi. Dist Thane 421302,जिल्हा परिषद प्राथमिक शाळा . वांद्रे. खोली क्र. 1 तालुका भिंवडी जिल्हा ठाणे-421302
134,221,,,Z.P.Primary School Vashere Room No.1. Tal. Bhiwandi. Dist Thane 421302,जिल्हा परिषद प्राथमिक शाळा .वाशेरे . खोली क्र. 1 तालुका भिंवडी जिल्हा ठाणे-421302
134,222,,,Z.P.Primary School Lonad Room No.1. Tal. Bhiwandi. Dist Thane 421302,जिल्हा परिषद प्राथमिक शाळा .लोनाड . खोली क्र. 1 तालुका भिंवडी जिल्हा ठाणे-421302
134,223,,,Z.P.Primary School Vadunavghar Room No.1. Tal. Bhiwandi. Dist Thane 421302,जिल्हा परिषद प्राथमिक शाळा . वडुनवघर. खोली क्र. 1 तालुका भिंवडी जिल्हा ठाणे-421302
134,224,,,Z.P.Primary School Vadunavghar Room No.2. Tal. Bhiwandi. Dist Thane 421302,जिल्हा परिषद प्राथमिक शाळा . वडुनवघर. खोली क्र. 2 तालुका भिंवडी जिल्हा ठाणे-421302
134,225,,,Z.P.Primary Schoo L Vadghar Room No.1 Tal. Bhiwandi. Dist Thane 421302,जिल्हा परिषद प्राथमिक शाळा . वडघर . खोली क्र. 1 तालुका भिंवडी जिल्हा ठाणे-421302
134,226,,,Z.P.Anganwadi Dive Near Temple Room No.1. Tal. Bhiwandi. Dist Thane 421302,जिल्हा परिषद अंगणवाडी दिवे मंदिराजवळ खोली क्र.1 तालुका भिंवडी जिल्हा ठाणे-421302
134,227,,,Gram Panchayat Office Dive Room No.1. Tal. Bhiwandi. Dist Thane421302,ग्रामपंचायत कार्यालय. दिवे खोली क्र.1 तालुका भिंवडी जिल्हा ठाणे-421302
134,228,,,Z.P.Primary School Kewani Room No. 1. Tal. Bhiwandi. Dist Thane 421302,जिल्हा परिषद प्राथमिक शाळा . केवणी. खोली क्र. 1 तालुका भिंवडी जिल्हा ठाणे-421302
134,229,,,Z.P.Primary School Kewani Room No. 2. Tal. Bhiwandi. Dist Thane 421302,जिल्हा परिषद प्राथमिक शाळा . केवणी. खोली क्र. 2 तालुका भिंवडी जिल्हा ठाणे-421302
134,230,,,Z.P.Primary School Dunge Room No.1. Tal. Bhiwandi. Dist Thane 421302,जिल्हा परिषद प्राथमिक शाळा . डुंगे. खोली क्र. 1 तालुका भिंवडी जिल्हा ठाणे-421302
134,231,,,Z.P.Primary School Dunge Room No.2. Tal. Bhiwandi. Dist Thane 421302,जिल्हा परिषद प्राथमिक शाळा . डुंगे. खोली क्र. 2 तालुका भिंवडी जिल्हा ठाणे-421302
134,232,,,Z.P.Primary School Kalwar Room No. 1. Tal. Bhiwandi. Dist Thane 421302,जिल्हा परिषद प्राथमिक शाळा . कालवार. खोली क्र. 1 तालुका भिंवडी जिल्हा ठाणे-421302
134,233,,,Z.P.Primary School Kalwar Room No. 2. Tal. Bhiwandi. Dist Thane 421302,जिल्हा परिषद प्राथमिक शाळा . कालवार. खोली क्र. 2 तालुका भिंवडी जिल्हा ठाणे-421302
134,234,,,Z.P.Primary School Sonale Room No.1. Tal. Bhiwandi. Dist Thane 421302,जिल्हा परिषद प्राथमिक शाळा . सोनाळे. खोली क्र. 1 तालुका भिंवडी जिल्हा ठाणे-421302
134,235,,,Z.P.Primary School Sonale. Ground Floor Room No2 Tal Bhiwandi.Dist Thane421302,जिल्हा परिषद प्राथमिक शाळा सोनाळे.तळमजला खोली क्र.2 तालुका भिंवडी जिल्हा ठाणे-421302
134,236,,,Z.P.Primary School Bhavale Room No.1 Bhavale . Tal. Bhiwandi. Dist Thane421302,जिल्हा परिषद प्राथमिक शाळा .भवाळे . खोली क्र. 1 तालुका भिंवडी जिल्हा ठाणे-421302
134,237,,,Z.P.Primary School Amne Room No.1. Tal. Bhiwandi. Dist Thane421302,जिल्हा परिषद प्राथमिक शाळा . आमणे. खोली क्र. 1 तालुका भिंवडी जिल्हा ठाणे-421302
134,238,,,Z.P. Anganvadi Amne Room No.1. Tal. Bhiwandi. Dist Thane 421302,जिल्हा परिषद अंगणवाडी. आमणे. खोली क्र. 1 तालुका भिंवडी जिल्हा ठाणे-421302
134,239,,,Z.P.Primary School Amne Room No.2. Tal. Bhiwandi. Dist Thane421302,जिल्हा परिषद प्राथमिक शाळा . आमणे. खोली क्र. 2 तालुका भिंवडी जिल्हा ठाणे-421302
134,240,,,Z.P.Primary School New Building Chiradpada Room No.1. Tal. Bhiwandi. Dist Thane 421302,जिल्हा परिषद प्राथमिक शाळा . नविन इमारत चिराडपाडा . खोली क्र. 1 तालुका भिंवडी जिल्हा ठाणे-421302
134,241,,,Z.P.Primary School Pise Room No.1. Tal. Bhiwandi. Dist Thane421302,जिल्हा परिषद प्राथमिक शाळा .पिसे . खोली क्र. 1 तालुका भिंवडी जिल्हा ठाणे-421302
134,242,,,Z.P.Primary School Kiravali Room No.1. Tal. Bhiwandi. Dist Thane 421302,जिल्हा परिषद प्राथमिक शाळा .किरवली . खोली क्र. 1 तालुका भिंवडी जिल्हा ठाणे-421302
134,243,,,Z.P.Primary School Etade Room No.1. Tal. Bhiwandi. Dist Thane 421101,जिल्हा परिषद प्राथमिक शाळा .इताडे . खोली क्र. 1 तालुका भिंवडी जिल्हा ठाणे- 421101
134,244,,,Z.P.Primary School Atkoli Room No.1. Tal. Bhiwandi. Dist Thane 421302,जिल्हा परिषद प्राथमिक शाळा .आतकोली . खोली क्र. 1 तालुका भिंवडी जिल्हा ठाणे- 421302
134,245,,,New Z.P.Primary School Savad Room No.1. Tal. Bhiwandi. Dist Thane 421102,नविन जिल्हा परिषद प्राथमिक शाळा .सावाद . खोली क्र. 1 तालुका भिंवडी जिल्हा ठाणे- 421102
134,246,,,Z.P.Primary School Muthval Room No.1. Tal. Bhiwandi. Dist Thane 421101,जिल्हा परिषद प्राथमिक शाळा . मुठवल. खोली क्र. 1 तालुका भिंवडी जिल्हा ठाणे- 421101
134,247,,,Z.P.Primary School Saravalipada Room No.1. Tal. Bhiwandi. Dist Thane 421302,जिल्हा परिषद प्राथमिक शाळा . सरावलीपाडा. खोली क्र. 1 तालुका भिंवडी जिल्हा ठाणे- 421302
134,248,,,Z.P.Primary School Shiv Nagar. Room No. 1. Tal. Bhiwandi. Dist Thane 421302,जिल्हा परिषद प्राथमिक शाळा .शिवनगर . खोली क्र. 1 तालुका भिंवडी जिल्हा ठाणे- 421302
134,249,,,Z.P.Primary School Shiv Nagar. Room No. 2. Tal. Bhiwandi. Dist Thane 421302,जिल्हा परिषद प्राथमिक शाळा .शिवनगर . खोली क्र. 2 तालुका भिंवडी जिल्हा ठाणे- 421302
134,250,,,Z.P.Primary School Pimpalas Room No.1. Tal. Bhiwandi. Dist Thane 421302,जिल्हा परिषद प्राथमिक शाळा . पिंपळास. खोली क्र. 1 तालुका भिंवडी जिल्हा ठाणे- 421302
134,251,,,Z.P.Primary School Pimpalas Room No.2. Tal. Bhiwandi. Dist Thane 421302,जिल्हा परिषद प्राथमिक शाळा . पिंपळास. खोली क्र. 2 तालुका भिंवडी जिल्हा ठाणे- 421302
134,252,,,Z.P.Primary School Pimpalas Room No.3. Tal. Bhiwandi. Dist Thane 421302,जिल्हा परिषद प्राथमिक शाळा . पिंपळास. खोली क्र. 3 तालुका भिंवडी जिल्हा ठाणे- 421302
134,253,,,Z.P.Primary School Rahnal (Charnipada) Room No. 1. Tal. Bhiwandi. Dist Thane 421302,जिल्हा परिषद प्राथमिक शाळा .राहणाळ (चर्णीपाडा) . खोली क्र. 1 तालुका भिंवडी जिल्हा ठाणे- 421302
134,254,,,Z.P.Primary School Rahnal (Charnipada) Room No. 3. Tal. Bhiwandi. Dist Thane 421302,जिल्हा परिषद प्राथमिक शाळा .राहणाळ (चर्णीपाडा) . खोली क्र. 3 तालुका भिंवडी जिल्हा ठाणे- 421302
134,255,,,Z.P.Primary School Rahnal (Charnipada) Room No. 2. Tal. Bhiwandi. Dist Thane 421302,जिल्हा परिषद प्राथमिक शाळा .राहणाळ (चर्णीपाडा) . खोली क्र. 2 तालुका भिंवडी जिल्हा ठाणे- 421302
134,256,,,Z.P.Primary School New Building Rahnal Groundfloor.Room No2 Talbhiwandi Dist Thane 421302,जिल्हा परिषद प्राथमिक शाळा . नविन इमारत राहणाळ . खोली क्र. 1 तालुका भिंवडी जिल्हा ठाणे- 421302
134,257,,,Holy Mary High School Room No.1. Tal. Bhiwandi. Dist Thane 421302,होलीमेरी हायस्कुल. खोली क्र.1 तालुका भिंवडी जिल्हा ठाणे- 421302
134,258,,,Holy Mary High School Room No.2 Rahnal. Tal. Bhiwandi. Dist 421302 Thane,होलीमेरी हायस्कुल. खोली क्र.2 तालुका भिंवडी जिल्हा ठाणे- 421302
134,259,,,Z.P.Primary School Rahnal (Goan) Room No. 1. Tal. Bhiwandi. Dist Thane 421302,जिल्हा परिषद प्राथमिक शाळा .राहणाळ (गाव) . खोली क्र. 1 तालुका भिंवडी जिल्हा ठाणे- 421302
134,260,,,Z.P.Primary School Rahnal (Goan) Room No. 2. Tal. Bhiwandi. Dist Thane 421302,जिल्हा परिषद प्राथमिक शाळा .राहणाळ (गाव) . खोली क्र. 2 तालुका भिंवडी जिल्हा ठाणे- 421302
134,261,,,Z.P.Primary School Kopar Room No.1. Tal. Bh Iwandi. Dist Thane 421302,जिल्हा परिषद प्राथमिक शाळा .कोपर . खोली क्र. 1 तालुका भिंवडी जिल्हा ठाणे- 421302
134,262,,,Z.P.Primary School Kopar Room No.2. Tal. Bh Iwandi. Dist Thane 421303,जिल्हा परिषद प्राथमिक शाळा .कोपर . खोली क्र. 2 तालुका भिंवडी जिल्हा ठाणे- 421303
134,263,,,Z.P.Primary School Kopar Room No.3. Tal. Bh Iwandi. Dist Thane 421304,जिल्हा परिषद प्राथमिक शाळा .कोपर . खोली क्र. 3 तालुका भिंवडी जिल्हा ठाणे- 421304
134,264,,,Z.P.Primary School Kalher. Ground Floor Room No.1. Tal. Bhiwandi. Dist Thane 421302,जिल्हा परिषद प्राथमिक शाळा . काल्हेर. तळमजला. खोली क्र. 1 तालुका भिंवडी जिल्हा ठाणे- 421302
134,265,,,Grampanchayat Office Kalher Ground Floor Room No 4 Tal Bhiwandi Dist Thane 421302,ग्रामपंचायत कार्यालय काल्हेर. तळमजला गाळा क्र.3 तालुका भिवंडी जिल्हा ठाणे- 421302
134,266,,,Z.P.Primary School Kalher. Ground Floor Room No. 2. Tal. Bhiwandi. Dist Thane 421302,जिल्हा परिषद प्राथमिक शाळा . काल्हेर. तळमजला. खोली क्र. 2 तालुका भिंवडी जिल्हा ठाणे- 421302
134,267,,,Evershine High School. Room No.1. Kalher. Tal Bhiwandi Distthane 421302,ऐव्हर शाईन हायस्कूल. रुम नं.1. काल्हेर. तालुका भिवंडी जिल्हा ठाणे- 421302
134,268,,,Leo International School. Room No.1. Kalher.Talbhiwandidistthane 421302,लिओ इंटरनॅशनल स्कूल. रुम नं.1.. काल्हेर. तालुका भिवंडी जिल्हा ठाणे- 421302
134,269,,,Z.P.Primary School Kalher. Ground Floor Room No.3. Tal. Bhiwandi. Dist Thane 421302,जिल्हा परिषद प्राथमिक शाळा . काल्हेर.तळ मजला. खोली क्र. 3 तालुका भिंवडी जिल्हा ठाणे- 421302
134,270,,,Gram Panchayat Office Kalher. Ground Floor Room No.1 Tal. Bhiwandi. Dist Thane 421302,ग्रामपंचायत कार्यलय काल्हेर. तळ मजल्यामधिल खोली क्र. 1 .तालुका भिंवडी जिल्हा ठाणे- 421302
134,271,,,Evershine High School. Room No.2. Kalher. Tal Bhiwandi Distthane 421302,ऐव्हर शाईन हायस्कूल. रुम नं.2. काल्हेर. तालुका भिवंडी जिल्हा ठाणे- 421302
134,272,,,Z.P.Primary School Kalher. Ground Floor Room No.4 421302,जिल्हा परिषद प्राथमिक शाळा . काल्हेर.तळमजला. खोली क्र. 4 तालुका भिंवडी जिल्हा ठाणे- 421302
134,273,,,Cluster Head Office.Kalher. Ground Floor Room No.1.Tal Bhiwandi.Dist Thane 421302,केंद्र प्रमुख कार्यालय. काल्हेर खोली क्र.1 तालुका भिवंडी जिल्हा ठाणे- 421302
134,274,,,Cluster Head Office.Kalher. Ground Floor Room No.2.Tal Bhiwandi.Dist Thane 42130,केंद्र प्रमुख कार्यालय. काल्हेर खोली क्र.2 तालुका भिवंडी जिल्हा ठाणे- 421302
134,275,,,Gram Panchayat Office Kalher. Ground Floor Room No.2 Tal. Bhiwandi. Dist Thane 421302,ग्रामपंचायत कार्यलय काल्हेर. तळ मजल्यामधिल खोली क्र. 2. तालुका भिंवडी जिल्हा ठाणे- 421302
134,276,,,Leo International School. Room No.2. Kalher.Talbhiwandidistthane 421302,लिओ इंटरनॅशनल स्कूल. रुम नं.2.. काल्हेर. तालुका भिवंडी जिल्हा ठाणे- 421302
134,277,,,Evershine High School. Room No.3. Kalher. Tal Bhiwandi Distthane 421302,ऐव्हर शाईन हायस्कूल. रुम नं.3. काल्हेर. तालुका भिवंडी जिल्हा ठाणे- 421302
134,278,,,Leo International School. Room No.3. Kalher.Talbhiwandidistthane 421302,लिओ इंटरनॅशनल स्कूल. रुम नं.3.. काल्हेर. तालुका भिवंडी जिल्हा ठाणे- 421302
134,279,,,Z.P.Primary School Purna Room No.1 421302,जिल्हा परिषद प्राथमिक शाळा . पुर्णा खोली क्र. 1 तालुका भिंवडी जिल्हा ठाणे- 421302
134,280,,,Z.P.Primary School Purna Room No.2 421302,जिल्हा परिषद प्राथमिक शाळा . पुर्णा खोली क्र. 2 तालुका भिंवडी जिल्हा ठाणे- 421302
134,281,,,Grampanchayat Meeting Hallpurna Ground Floor. Tal Bhiwandi.Distthane 421302,ग्रामपंचायत मिटींग हॉल. तळमजला पुर्णा तालुका भिवंडी जिल्हा ठाणे- 421302
134,282,,,Z.P.Primary School Purna Room No.3. Tal. Bhiwandi. Dist Thane421302,जिल्हा परिषद प्राथमिक शाळा . पुर्णा खोली क्र. 3 तालुका भिंवडी जिल्हा ठाणे- 421302
134,283,,,Z.P. Anganwadi. Purna Room No.1. Tal. Bhiwandi. Dist Thane 421302,जिल्हा परिषद अंगणवाडी . पुर्णा खोली क्र. 1 तालुका भिंवडी जिल्हा ठाणे- 421302
134,284,,,Z.P. Anganwadi. Purna Room No.2. Tal. Bhiwandi. Dist Thane 421302,जिल्हा परिषद अंगणवाडी . पुर्णा खोली क्र. 2 तालुका भिंवडी जिल्हा ठाणे- 421302
134,285,,,Z.P.Primary School Val Room No.1. Tal. Bhiwandi. Dist Thane421302,जिल्हा परिषद प्राथमिक शाळा . वळ खोली क्र. 1 तालुका भिंवडी जिल्हा ठाणे- 421302
134,286,,,Z.P.Primary School Ovali Room No.1. Tal. Bhiwandi. Dist Thane421302,जिल्हा परिषद प्राथमिक शाळा . ओवळी. खोली क्र. 1 तालुका भिंवडी जिल्हा ठाणे- 421302
134,287,,,Z.P.Primary School Pimpalner.Room No.1 . Tal. Bhiwandi. Dist Thane 421302,जिल्हा परिषद प्राथमिक शाळा . पिंपळनेर. खोली क्र. 1 तालुका भिंवडी जिल्हा ठाणे- 421302
134,288,,,Z.P.Primary School Thakaryachapada. Room No.1. Tal. Bhiwandi. Dist Thane 421302,जिल्हा परिषद प्राथमिक शाळा . ठाक-याचा पाडा. खोली क्र. 1 तालुका भिंवडी जिल्हा ठाणे- 421302
134,289,,,Z.P.Primary School Ranjanoli. Room No.1. Tal. Bhiwandi. Dist Thane 421305,जिल्हा परिषद प्राथमिक शाळा . रांजनोली. खोली क्र. 1 तालुका भिंवडी जिल्हा ठाणे- 421305
134,290,,,Z.P.Primary School Ranjanoli. Room No.2. Tal. Bhiwandi. Dist Thane 421305,जिल्हा परिषद प्राथमिक शाळा . रांजनोली. खोली क्र. 2 तालुका भिंवडी जिल्हा ठाणे- 421305
134,291,,,Z.P.Primary School Ranjanoli. Room No.3 . Tal. Bhiwandi. Dist Thane 421305,जिल्हा परिषद प्राथमिक शाळा . रांजनोली. खोली क्र. 3 तालुका भिंवडी जिल्हा ठाणे- 421305
134,292,,,Z.P.Anganvadi Ranjanoli. Room No.1 . Tal. Bhiwandi. Dist Thane 421305,जिल्हा परिषद अंगणवाडी. रांजनोली. खोली क्र. 1 तालुका भिंवडी जिल्हा ठाणे- 421305
134,293,,,Z.P.Primary School Saravali Room No.1(Section No. 1- Sarvali). Tal. Bhiwandi. Dist Thane 421311,जिल्हा परिषद प्राथमिक शाळा . सरावली. खोली क्र. 1 तालुका भिंवडी जिल्हा ठाणे- 421311
134,294,,,Z.P.Primary School Saravali Room No 2(Section No. 2- Sarvali). Tal. Bhiwandi. Dist Thane 421311,जिल्हा परिषद प्राथमिक शाळा . सरावली. खोली क्र. 2 सरावली तालुका भिंवडी जिल्हा ठाणे- 421311
134,295,,,Z.P.Primary School Thakurgaon. Ground Floor. Room No.1. Tal. Bhiwandi. Dist Thane 421311,जिल्हा परिषद प्राथमिक शाळा . ठाकुरगाव. तळमजला. खोली क्र. 1 तालुका भिंवडी जिल्हा ठाणे- 421311
134,296,,,Z.P.Primary School Thakurgaon. Ground Floor. Room No.2. Tal. Bhiwandi. Dist Thane 421311,जिल्हा परिषद प्राथमिक शाळा . ठाकुरगाव. तळमजला. खोली क्र. 2 तालुका भिंवडी जिल्हा ठाणे- 421311
134,297,,,Z.P.Primary Urdu School Bapgaon Room No.1. Tal. Bhiwandi. Dist Thane 421301,जिल्हा परिषद प्राथमिक शाळा . बापगाव. खोली क्र. 1 तालुका भिंवडी जिल्हा ठाणे- 421101
134,298,,,Z.P.Primary School Nandkar Room No.1. Tal. Bhiwandi. Dist Thane 421301,जिल्हा परिषद प्राथमिक शाळा . नांदकर. खोली क्र. 1 तालुका भिंवडी जिल्हा ठाणे- 421301
134,299,,,Z.P.Primary School Nandkar Room No. 2. Tal. Bhiwandi. Dist Thane 421301,जिल्हा परिषद प्राथमिक शाळा . नांदकर. खोली क्र. 2 तालुका भिंवडी जिल्हा ठाणे- 421301
134,300,,,Z.P.Primary School Sange Room No.1. Tal. Bhiwandi. Dist Thane 421301,जिल्हा परिषद प्राथमिक शाळा . सांगे. खोली क्र. 1 तालुका भिंवडी जिल्हा ठाणे- 421301
134,301,,,Z.P.Primary School Devrung Room No.1. Tal. Bhiwandi. Dist Thane 421302,जिल्हा परिषद प्राथमिक शाळा . देवरुंग. खोली क्र. 1 तालुका भिंवडी जिल्हा ठाणे-421302
134,302,,,Z.P.Primary School Devrung Room No.2 . Tal. Bhiwandi. Dist Thane 421302,जिल्हा परिषद प्राथमिक शाळा . देवरुंग. खोली क्र. 2 तालुका भिंवडी जिल्हा ठाणे-421302
134,303,,,Z.P.Primary School Pimpalghar Room No.1. Tal. Bhiwandi. Dist Thane 421302,जिल्हा परिषद प्राथमिक शाळा . पिंपळघर. खोली क्र. 1 तालुका भिंवडी जिल्हा ठाणे-421302
134,304,,,Z.P. Anganvadi Pimpalghar Room No.1. Tal. Bhiwandi. Dist Thane 421302,जिल्हा परिषद अंगणवाडी. पिंपळघर. खोली क्र. 1 तालुका भिंवडी जिल्हा ठाणे-421302
134,305,,,Z.P.Primary School Pimpal Goan Room No.1. Tal. Bhiwandi. Dist Thane 421302,जिल्हा परिषद प्राथमिक शाळा . पिंपळगाव. खोली क्र. 1 तालुका भिंवडी जिल्हा ठाणे-421302
134,306,,,Z.P.Primary School Gove Room No.1. Tal. Bhiwandi. Dist Thane 421302,जिल्हा परिषद प्राथमिक शाळा . गोवे. खोली क्र. 1 तालुका भिंवडी जिल्हा ठाणे-421302
134,307,,,Z.P.Primary School Gove Room No.2. Tal. Bhiwandi. Dist Thane 421302,जिल्हा परिषद प्राथमिक शाळा . गोवे. खोली क्र. 2 तालुका भिंवडी जिल्हा ठाणे-421302
134,308,,,Z.P.Primary School Gundavali. Room No. 1. Tal. Bhiwandi. Dist Thane 421302,जिल्हा परिषद प्राथमिक शाळा . गुंदवळी. खोली क्र. 1 तालुका भिंवडी जिल्हा ठाणे- 421302
134,309,,,Z.P.Primary School Gundavali. Room No. 2. Tal. Bhiwandi. Dist Thane 421302,जिल्हा परिषद प्राथमिक शाळा . गुंदवळी. खोली क्र. 2 तालुका भिंवडी जिल्हा ठाणे- 421302
134,310,,,Z.P.Primary School New Bulding .Vehele Room No.1. Tal. Bhiwandi. Dist Thane 421302,जिल्हा परिषद प्राथमिक शाळा . नविन इमारत वेहळे. खोली क्र. 1 तालुका भिंवडी जिल्हा ठाणे- 421302
134,311,,,Z.P.Primary School New Bulding .Vehele Room No.2. Tal. Bhiwandi. Dist Thane 421302,जिल्हा परिषद प्राथमिक शाळा . नविन इमारत वेहळे. खोली क्र.2 तालुका भिंवडी जिल्हा ठाणे- 421302
134,312,,,Z.P.Primary School Dapoda Room No.1. Tal. Bhiwandi. Dist Thane 421302,जिल्हा परिषद प्राथमिक शाळा . दापोडा. खोली क्र. 1 तालुका भिंवडी जिल्हा ठाणे-421302
134,313,,,Z.P.Primary School Kasheli Room No. 1. Tal. Bhiwandi. Dist Thane 421302,जिल्हा परिषद प्राथमिक शाळा . कशेळी. खोली क्र. 1 तालुका भिंवडी जिल्हा ठाणे- 421302
134,314,,,Z.P.Primary School Kasheli Room No. 3. Tal. Bhiwandi. Dist Thane 421302,जिल्हा परिषद प्राथमिक शाळा . कशेळी. खोली क्र. 3 तालुका भिंवडी जिल्हा ठाणे- 421302
134,315,,,Z.P.Primary School Kasheli Room .No. 2. Tal. Bhiwandi. Dist Thane 421302,जिल्हा परिषद प्राथमिक शाळा . कशेळी. खोली क्र. 2 तालुका भिंवडी जिल्हा ठाणे- 421302
134,316,,,Z.P. Anganwadi. Kasheli Room .No. 2. Tal. Bhiwandi. Dist Thane 421302,जिल्हा परिषद अंगणवाडी. कशेळी. खोली क्र. 2 तालुका भिंवडी जिल्हा ठाणे- 421302
134,317,,,Z.P.Primary School Dive Anjur Room No.1. Tal. Bhiwandi. Dist Thane 421302,जिल्हा परिषद प्राथमिक शाळा . दिवे (अंजुर). खोली क्र. 1 तालुका भिंवडी जिल्हा ठाणे- 421302
134,318,,,Z.P.Primary School Dive Anjur Room No.2. Tal. Bhiwandi. Dist Thane 421302,जिल्हा परिषद प्राथमिक शाळा . दिवे (अंजुर). खोली क्र. 2 तालुका भिंवडी जिल्हा ठाणे- 421302
134,319,,,Z.P.Primary School Mankoli. Room No.1 . Tal. Bhiwandi. Dist Thane 421302,जिल्हा परिषद प्राथमिक शाळा . माणकोली. खोली क्र. 1 तालुका भिंवडी जिल्हा ठाणे- 421302
134,320,,,Z.P.Primary School Mankoli. Room No.1 . Tal. Bhiwandi. Dist Thane 421302,जिल्हा परिषद प्राथमिक शाळा . नवीन बिल्डींग. माणकोली. तळमजला. खोली क्र. 1 तालुका भिंवडी जिल्हा ठाणे- 421302
134,321,,,Z.P.Primary School Sarang Room No.1 . Tal. Bhiwandi. Dist Thane 421302,जिल्हा परिषद प्राथमिक शाळा . सारंग. खोली क्र. 1 तालुका भिंवडी जिल्हा ठाणे- 421302
134,322,,,Z.P.Primary School Surai Room No.1. Tal. Bhiwandi. Dist Thane421302,जिल्हा परिषद प्राथमिक शाळा . सुरई. खोली क्र. 1 तालुका भिंवडी जिल्हा ठाणे- 421302
134,323,,,Z.P.Primary School Anjur Room No.1. Tal. Bhiwandi. Dist Thane 421302,जिल्हा परिषद प्राथमिक शाळा . अंजुर खोली क्र. 1 तालुका भिंवडी जिल्हा ठाणे- 421302
134,324,,,Z.P. Primary School New Building. Anjur Ground Floor. Room No.1. Tal. Bhiwandi. Dist Thane 421302,जिल्हा परिषद प्राथमिक शाळा . नवीन बिल्डींग.अंजुर. तळमजला. खोली क्र. 1 तालुका भिंवडी जिल्हा ठाणे- 421302
134,325,,,Z.P.Primary School Anjur Room No.2. Tal. Bhiwandi. Dist Thane 421302,जिल्हा परिषद प्राथमिक शाळा . अंजुर खोली क्र. 2 तालुका भिंवडी जिल्हा ठाणे- 421302
134,326,,,Z.P.Primary School Alimghar Room No.1. Tal. Bhiwandi. Dist Thane 421302,जिल्हा परिषद प्राथमिक शाळा .आलिमघर खोली क्र. 1 तालुका भिंवडी जिल्हा ठाणे- 421302
134,327,,,Z.P.Primary School Bharodi Room No.1. Tal. Bhiwandi. Dist Thane 421302,जिल्हा परिषद प्राथमिक शाळा .भरोडी. खोली क्र. 1 तालुका भिंवडी जिल्हा ठाणे- 421302
134,328,,,Z.P.Primary School Kon. Room No.1. Tal. Bhiwandi. Dist Thane 421302,जिल्हा परिषद प्राथमिक शाळा .कोन. खोली क्र. 1 तालुका भिंवडी जिल्हा ठाणे- 421302
134,329,,,Z.P.Primary School Kon. Room No. 2. Tal. Bhiwandi. Dist Thane 421302,जिल्हा परिषद प्राथमिक शाळा .कोन. खोली क्र. 2 तालुका भिंवडी जिल्हा ठाणे- 421302
134,330,,,Gajanan Pandurang Patil College.Kon.Ground Floor.Room No1 Tal Bhiwandi Distthane 421302,गजानन पांडूरंग पाटील कॉलेज. कोन खोली क्र.1 तालुका भिवंडी जिल्हा ठाणे- 421302
134,331,,,Z.P.Primary School Kon. Room No. 3. Tal. Bhiwandi. Dist Thane 421302,जिल्हा परिषद प्राथमिक शाळा .कोन. खोली क्र. 3 तालुका भिंवडी जिल्हा ठाणे- 421302
134,332,,,Z.P.Primary School Kon. Room No. 4. Tal. Bhiwandi. Dist Thane 421302,जिल्हा परिषद प्राथमिक शाळा .कोन. खोली क्र. 4 तालुका भिंवडी जिल्हा ठाणे- 421302
134,333,,,Gajanan Pandurang Patil College.Kon.Ground Floor.Room No2 Tal Bhiwandi Distthane 421302,गजानन पांडूरंग पाटील कॉलेज. कोन खोली क्र.2 तालुका भिवंडी जिल्हा ठाणे- 421302
134,334,,,Gajanan Pandurang Patil College.Kon.Ground Floor.Room No3 Tal Bhiwandi Distthane 421302,गजानन पांडूरंग पाटील कॉलेज. कोन खोली क्र.3 तालुका भिवंडी जिल्हा ठाणे- 421302
134,335,,,Jayev English Highschool.Konground Floor. Room No.2 Talbhiwandi.Dist Thane 421302,जयदेव इंग्लिश हॉयस्कूल कोन. खोली क्र.2 तालुका भिंवडी जिल्हा ठाणे तालुका भिंवडी जिल्हा ठाणे- 421302
134,336,,,Jayev English Highschool.Kon Ground Floor. Room No.3 Tal Bhiwandi.Dist Thane 421302,जयदेव इंग्लिश हॉयस्कूल कोन. खोली क्र.3 तालुका भिंवडी जिल्हा ठाणे तालुका भिंवडी जिल्हा ठाणे- 421302
134,337,,,Jayev English Highschool.Kon Ground Floor. Room No.4 Tal Bhiwandi.Dist Thane 421302,जयदेव इंग्लिश हॉयस्कूल कोन. खोली क्र.4 तालुका भिंवडी जिल्हा ठाणे तालुका भिंवडी जिल्हा ठाणे- 421302
134,338,,,Z.P.Primary School (Gujrathi) Kon. Room No. 1 Tal.Bhiwandi. Dist.Thane. 421302 Tal.Bhiwandi. Dist.Thane. 421302,जिल्हा परिषद प्राथमिक शाळा . (गुजराती )कोन. खोली क्र. 1 तालुका भिंवडी जिल्हा ठाणे तालुका भिंवडी जिल्हा ठाणे- 421302
134,339,,,Z.P.Primary School (Gujrathi) Kon. Room No. 2 Tal.Bhiwandi. Dist.Thane. 421302,जिल्हा परिषद प्राथमिक शाळा . (गुजराती )कोन. खोली क्र. 2 तालुका भिंवडी जिल्हा ठाणे तालुका भिंवडी जिल्हा ठाणे- 421302
134,340,,,Jaydev Vidyalay Kon. Room No. 1 Tal.Bhiwandi. Dist.Thane. 421302,जयदेव विदयालय. कोन. खोली क्र.1 तालुका भिंवडी जिल्हा ठाणे तालुका भिंवडी जिल्हा ठाणे- 421302
134,341,,,Z.P.Urdu Primary School (Old Building) Kon. Bandar Road Room No.1 Tal.Bhiwandi. Dist.Thane. 421302,जिल्हा परिषद उर्दु प्राथमिक शाळा (जुनी इमारत)केान. बंदर रोड. खोली क्र.1- तालुका भिंवडी जिल्हा ठाणे तालुका भिंवडी जिल्हा ठाणे- 421302
134,342,,,Z.P.Urdu Primary School (Old Building) Kon. Bandar Road Room No.2 Tal.Bhiwandi. Dist.Thane. 421302,जिल्हा परिषद उर्दु प्राथमिक शाळा (जुनी इमारत) शाळा केान. बंदर रोड. खोली क्र.2- तालुका भिंवडी जिल्हा ठाणे तालुका भिंवडी जिल्हा ठाणे- 421302
134,343,,,Z.P.Urdu Primary School (New Building) Kon. Bandar Road Room No.2 Tal.Bhiwandi. Dist.Thane. 421302,जिल्हा परिषद उर्दु प्राथमिक शाळा (नवीन इमारत) शाळा केान. बंदर रोड. खोली क्र.2- 421302
134,344,,,Jayev English Highschool.Kon Ground Floor. Room No.5 Tal Bhiwandi.Dist Thane 421302,जयदेव इंग्लिश हॉयस्कूल कोन. खोली क्र.5 तालुका भिंवडी जिल्हा ठाणे तालुका भिंवडी जिल्हा ठाणे- 421302
